GCA_Accession	Assembly_Accession	Assembly_Name	Organism	Genus	Species	TaxID	Assembly_Level	Total_Length	Contig_N50	Scaffold_N50	BioProject	BioSample	Submission_Date	Release_Date	File_Size_MB	Filename
GCA_965137195.1	GCA_965137195.1	CIP109040T	Deinococcus saxicola (bacteria)	Unknown	Deinococcus saxicola	249406	Scaffold	0	21976	21976	Unknown	SAMEA117660448	2025/02/13 00:00	Unknown	1.29	GCA_965137195.1_CIP109040T_genomic.fna.gz
GCA_000252445.1	GCA_000252445.1	ASM25244v1	Deinococcus gobiensis I-0 (bacteria)	Unknown	Deinococcus gobiensis	745776	Complete Genome	0	3137147	3137147	Unknown	SAMN02603039	2012/03/12 00:00	Unknown	1.2	GCA_000252445.1_ASM25244v1_genomic.fna.gz
GCA_965139285.1	GCA_965139285.1	CIP109039T	Deinococcus marmoris (bacteria)	Unknown	Deinococcus marmoris	249408	Scaffold	0	20407	20640	Unknown	SAMEA117660447	2025/02/13 00:00	Unknown	1.34	GCA_965139285.1_CIP109039T_genomic.fna.gz
GCA_003173015.1	GCA_003173015.1	ASM317301v1	Deinococcus irradiatisoli (bacteria)	Unknown	Deinococcus irradiatisoli	2202254	Complete Genome	0	3052043	3052043	Unknown	SAMN09223206	2018/05/27 00:00	Unknown	0.83	GCA_003173015.1_ASM317301v1_genomic.fna.gz
GCA_011604805.1	GCA_011604805.1	ASM1160480v1	Deinococcus radiodurans (bacteria)	Unknown	Deinococcus radiodurans	1299	Complete Genome	0	2648775	2648775	Unknown	SAMN14371193	2020/03/22 00:00	Unknown	0.9	GCA_011604805.1_ASM1160480v1_genomic.fna.gz
GCA_007990775.1	GCA_007990775.1	ASM799077v1	Deinococcus cellulosilyticus NBRC 106333 = KACC 11606 (bacteria)	Unknown	Deinococcus cellulosilyticus	1223518	Contig	0	176104	176104	Unknown	SAMD00169718	2019/08/01 00:00	Unknown	1.71	GCA_007990775.1_ASM799077v1_genomic.fna.gz
GCA_007280555.1	GCA_007280555.1	ASM728055v1	Deinococcus detaillensis (bacteria)	Unknown	Deinococcus detaillensis	2592048	Contig	0	122653	122653	Unknown	SAMN12259768	2019/07/22 00:00	Unknown	1.12	GCA_007280555.1_ASM728055v1_genomic.fna.gz
GCA_014648115.1	GCA_014648115.1	ASM1464811v1	Deinococcus seoulensis (bacteria)	Unknown	Deinococcus seoulensis	1837379	Contig	0	121654	121654	Unknown	SAMD00245320	2020/09/12 00:00	Unknown	1.21	GCA_014648115.1_ASM1464811v1_genomic.fna.gz
GCA_913775325.1	GCA_913775325.1	SP86_3_metabat2_genome_mining.5	uncultured Deinococcus sp. (bacteria)	Unknown	uncultured Deinococcus sp.	158789	Contig	0	13971	13971	Unknown	SAMEA8944505	2021/11/11 00:00	Unknown	0.89	GCA_913775325.1_SP86_3_metabat2_genome_mining.5_genomic.fna.gz
GCA_031454225.1	GCA_031454225.1	ASM3145422v1	Deinococcus soli (ex Cha et al. 2016) (bacteria)	Unknown	Deinococcus soli (ex Cha et al. 2016)	1309411	Contig	0	321217	321217	Unknown	SAMN35309395	2023/09/13 00:00	Unknown	2.44	GCA_031454225.1_ASM3145422v1_genomic.fna.gz
GCA_005774765.1	GCA_005774765.1	ASM577476v1	Deinococcus metallilatus (bacteria)	Unknown	Deinococcus metallilatus	1211322	Contig	0	246233	246233	Unknown	SAMN11534323	2019/05/23 00:00	Unknown	1.12	GCA_005774765.1_ASM577476v1_genomic.fna.gz
GCA_019718715.1	GCA_019718715.1	ASM1971871v1	Deinococcus sp. RIT780 (bacteria)	Unknown	Deinococcus sp. RIT780	2870472	Contig	0	19530	19530	Unknown	SAMN20773076	2021/08/22 00:00	Unknown	7.23	GCA_019718715.1_ASM1971871v1_genomic.fna.gz
GCA_030523985.1	GCA_030523985.1	ASM3052398v1	Deinococcus sp. (bacteria)	Unknown	Deinococcus sp.	47478	Scaffold	0	15465	23354	Unknown	SAMN36400365	2023/07/24 00:00	Unknown	0.82	GCA_030523985.1_ASM3052398v1_genomic.fna.gz
GCA_000378445.1	GCA_000378445.1	ASM37844v1	Deinococcus aquatilis DSM 23025 (bacteria)	Unknown	Deinococcus aquatilis	1121378	Scaffold	0	83141	89445	Unknown	SAMN02440995	2013/04/23 00:00	Unknown	1.41	GCA_000378445.1_ASM37844v1_genomic.fna.gz
GCA_033088415.1	GCA_033088415.1	ASM3308841v1	Deinococcus arenicola (bacteria)	Unknown	Deinococcus arenicola	2994950	Scaffold	0	58242	82697	Unknown	SAMN31722097	2023/10/27 00:00	Unknown	2.11	GCA_033088415.1_ASM3308841v1_genomic.fna.gz
GCA_001424185.1	GCA_001424185.1	Leaf326	Deinococcus sp. Leaf326 (bacteria)	Unknown	Deinococcus sp. Leaf326	1736338	Scaffold	0	272252	272252	Unknown	SAMN04151728	2015/11/02 00:00	Unknown	1.27	GCA_001424185.1_Leaf326_genomic.fna.gz
GCA_022344005.1	GCA_022344005.1	ASM2234400v1	Deinococcus sp. KNUC1210 (bacteria)	Unknown	Deinococcus sp. KNUC1210	2917691	Complete Genome	0	2798668	2798668	Unknown	SAMN25877526	2022/02/20 00:00	Unknown	2.53	GCA_022344005.1_ASM2234400v1_genomic.fna.gz
GCA_965137215.1	GCA_965137215.1	CIP109153T	Deinococcus deserti (bacteria)	Unknown	Deinococcus deserti	310783	Scaffold	0	150555	150555	Unknown	SAMEA117660452	2025/02/12 00:00	Unknown	1.08	GCA_965137215.1_CIP109153T_genomic.fna.gz
GCA_042681105.1	GCA_042681105.1	ASM4268110v1	Deinococcus malanensis (bacteria)	Unknown	Deinococcus malanensis	1706855	Contig	0	3133646	3133646	Unknown	SAMN43282639	2024/10/06 00:00	Unknown	1.38	GCA_042681105.1_ASM4268110v1_genomic.fna.gz
GCA_042653785.1	GCA_042653785.1	ASM4265378v1	Deinococcus hohokamensis (bacteria)	Unknown	Deinococcus hohokamensis	309883	Contig	0	313309	313309	Unknown	SAMN43283092	2024/10/05 00:00	Unknown	1.12	GCA_042653785.1_ASM4265378v1_genomic.fna.gz
GCA_040361885.1	GCA_040361885.1	ASM4036188v1	Deinococcus xinjiangensis (bacteria)	Unknown	Deinococcus xinjiangensis	457454	Contig	0	63491	63491	Unknown	SAMD00541788	2024/03/26 00:00	Unknown	2.43	GCA_040361885.1_ASM4036188v1_genomic.fna.gz
GCA_014645575.1	GCA_014645575.1	ASM1464557v1	Deinococcus wulumuqiensis (bacteria)	Unknown	Deinococcus wulumuqiensis	980427	Scaffold	0	35867	64036	Unknown	SAMD00245159	2020/09/12 00:00	Unknown	0.96	GCA_014645575.1_ASM1464557v1_genomic.fna.gz
GCA_014653235.1	GCA_014653235.1	ASM1465323v1	Deinococcus metalli (bacteria)	Unknown	Deinococcus metalli	1141878	Contig	0	338570	338570	Unknown	SAMD00245113	2020/09/12 00:00	Unknown	2.46	GCA_014653235.1_ASM1465323v1_genomic.fna.gz
GCA_014647075.1	GCA_014647075.1	ASM1464707v1	Deinococcus aerophilus (bacteria)	Unknown	Deinococcus aerophilus	522488	Scaffold	0	97794	97794	Unknown	SAMD00245257	2020/09/12 00:00	Unknown	0.98	GCA_014647075.1_ASM1464707v1_genomic.fna.gz
GCA_000701405.1	GCA_000701405.1	ASM70140v1	Deinococcus marmoris DSM 12784 (bacteria)	Unknown	Deinococcus marmoris	1121381	Scaffold	0	39523	39523	Unknown	SAMN02841164	2014/06/11 00:00	Unknown	1.34	GCA_000701405.1_ASM70140v1_genomic.fna.gz
GCA_018260555.1	GCA_018260555.1	ASM1826055v1	Deinococcus sp. (bacteria)	Unknown	Deinococcus sp.	47478	Scaffold	0	36844	38131	Unknown	SAMN18543076	2021/05/04 00:00	Unknown	0.86	GCA_018260555.1_ASM1826055v1_genomic.fna.gz
GCA_042661725.1	GCA_042661725.1	ASM4266172v1	Deinococcus aquaticus (bacteria)	Unknown	Deinococcus aquaticus	328692	Contig	0	3178454	3178454	Unknown	SAMN43283315	2024/10/06 00:00	Unknown	1.12	GCA_042661725.1_ASM4266172v1_genomic.fna.gz
GCA_004758605.1	GCA_004758605.1	ASM475860v1	Deinococcus metallilatus (bacteria)	Unknown	Deinococcus metallilatus	1211322	Chromosome	0	3062036	3062136	Unknown	SAMN10762628	2019/04/09 00:00	Unknown	1.18	GCA_004758605.1_ASM475860v1_genomic.fna.gz
GCA_003860465.1	GCA_003860465.1	ASM386046v1	Deinococcus psychrotolerans (bacteria)	Unknown	Deinococcus psychrotolerans	2489213	Complete Genome	0	2784072	2784072	Unknown	SAMN10440545	2018/12/04 00:00	Unknown	1.23	GCA_003860465.1_ASM386046v1_genomic.fna.gz
GCA_042661285.1	GCA_042661285.1	ASM4266128v1	Deinococcus radiophilus (bacteria)	Unknown	Deinococcus radiophilus	32062	Contig	0	2188358	2188358	Unknown	SAMN43283341	2024/10/06 00:00	Unknown	0.91	GCA_042661285.1_ASM4266128v1_genomic.fna.gz
GCA_046297535.1	GCA_046297535.1	ASM4629753v1	Deinococcus sp. (bacteria)	Unknown	Deinococcus sp.	47478	Scaffold	0	14327	16276	Unknown	SAMN45832835	2024/12/25 00:00	Unknown	1.13	GCA_046297535.1_ASM4629753v1_genomic.fna.gz
GCA_004634215.1	GCA_004634215.1	ASM463421v1	Deinococcus fonticola (bacteria)	Unknown	Deinococcus fonticola	2528713	Contig	0	108308	108308	Unknown	SAMN10986321	2019/04/04 00:00	Unknown	1.09	GCA_004634215.1_ASM463421v1_genomic.fna.gz
GCA_021378295.1	GCA_021378295.1	ASM2137829v1	Deinococcus radiodurans R1 = ATCC 13939 = DSM 20539 (bacteria)	Unknown	Deinococcus radiodurans	243230	Complete Genome	0	2644251	2644251	Unknown	SAMN17058454	2022/01/06 00:00	Unknown	0.9	GCA_021378295.1_ASM2137829v1_genomic.fna.gz
GCA_003028415.1	GCA_003028415.1	ASM302841v1	Deinococcus arcticus (bacteria)	Unknown	Deinococcus arcticus	2136176	Contig	0	197236	197236	Unknown	SAMN08779876	2018/04/01 00:00	Unknown	1.11	GCA_003028415.1_ASM302841v1_genomic.fna.gz
GCA_003206515.1	GCA_003206515.1	ASM320651v1	Deinococcus actinosclerus (bacteria)	Unknown	Deinococcus actinosclerus	1768108	Complete Genome	0	3315586	3315586	Unknown	SAMN09356193	2018/06/11 00:00	Unknown	1.08	GCA_003206515.1_ASM320651v1_genomic.fna.gz
GCA_034440735.1	GCA_034440735.1	ASM3444073v1	Deinococcus sp. AB2017081 (bacteria)	Unknown	Deinococcus sp. AB2017081	3093660	Complete Genome	0	3737572	3737572	Unknown	SAMN38125204	2023/12/18 00:00	Unknown	2.17	GCA_034440735.1_ASM3444073v1_genomic.fna.gz
GCA_014647275.1	GCA_014647275.1	ASM1464727v1	Deinococcus humi (bacteria)	Unknown	Deinococcus humi	662880	Scaffold	0	204372	206681	Unknown	SAMD00245269	2020/09/12 00:00	Unknown	3.78	GCA_014647275.1_ASM1464727v1_genomic.fna.gz
GCA_011604825.1	GCA_011604825.1	ASM1160482v1	Deinococcus radiodurans (bacteria)	Unknown	Deinococcus radiodurans	1299	Complete Genome	0	2648637	2648637	Unknown	SAMN14371617	2020/03/22 00:00	Unknown	0.9	GCA_011604825.1_ASM1160482v1_genomic.fna.gz
GCA_042649355.1	GCA_042649355.1	ASM4264935v1	Deinococcus antarcticus (bacteria)	Unknown	Deinococcus antarcticus	1298767	Contig	0	32851	32851	Unknown	SAMN43282043	2024/10/05 00:00	Unknown	1.15	GCA_042649355.1_ASM4264935v1_genomic.fna.gz
GCA_002017875.1	GCA_002017875.1	ASM201787v1	Deinococcus sp. LM3 (bacteria)	Unknown	Deinococcus sp. LM3	1938608	Contig	0	3051261	3051261	Unknown	SAMN06263771	2017/03/03 00:00	Unknown	1.18	GCA_002017875.1_ASM201787v1_genomic.fna.gz
GCA_039545055.1	GCA_039545055.1	ASM3954505v1	Deinococcus carri (bacteria)	Unknown	Deinococcus carri	1211323	Contig	0	182222	182222	Unknown	SAMD00542632	2024/03/26 00:00	Unknown	1.07	GCA_039545055.1_ASM3954505v1_genomic.fna.gz
GCA_003444775.1	GCA_003444775.1	ASM344477v1	Deinococcus ficus (bacteria)	Unknown	Deinococcus ficus	317577	Complete Genome	0	2801970	2801970	Unknown	SAMN06314862	2017/07/27 00:00	Unknown	1.12	GCA_003444775.1_ASM344477v1_genomic.fna.gz
GCA_030128925.1	GCA_030128925.1	ASM3012892v1	Deinococcus sp. 43 (bacteria)	Unknown	Deinococcus sp. 43	532020	Contig	0	203832	203832	Unknown	SAMN31747608	2023/05/30 00:00	Unknown	1.98	GCA_030128925.1_ASM3012892v1_genomic.fna.gz
GCA_020547085.1	GCA_020547085.1	ASM2054708v1	Deinococcus radiodurans R1 = ATCC 13939 = DSM 20539 (bacteria)	Unknown	Deinococcus radiodurans	243230	Complete Genome	0	2645384	2645384	Unknown	SAMN11332832	2021/10/25 00:00	Unknown	0.89	GCA_020547085.1_ASM2054708v1_genomic.fna.gz
GCA_965247185.1	GCA_965247185.1	glEphLana1.Deinococcus_sp_1.1	Deinococcus sp. (bacteria)	Unknown	Deinococcus sp.	47478	Chromosome	0	2940695	2940695	Unknown	SAMEA117994175	2025/04/18 00:00	Unknown	1.05	GCA_965247185.1_glEphLana1.Deinococcus_sp_1.1_genomic.fna.gz
GCA_000196275.1	GCA_000196275.1	ASM19627v1	Deinococcus geothermalis DSM 11300 (bacteria)	Unknown	Deinococcus geothermalis	319795	Complete Genome	0	2467205	2467205	Unknown	SAMN02598303	2007/10/17 00:00	Unknown	0.9	GCA_000196275.1_ASM19627v1_genomic.fna.gz
GCA_000348665.1	GCA_000348665.1	R12	Deinococcus wulumuqiensis R12 (bacteria)	Unknown	Deinococcus wulumuqiensis	1288484	Contig	0	31252	31252	Unknown	SAMN02470573	2013/03/22 00:00	Unknown	0.93	GCA_000348665.1_R12_genomic.fna.gz
GCA_001485435.1	GCA_001485435.1	ASM148543v1	Deinococcus grandis (bacteria)	Unknown	Deinococcus grandis	57498	Contig	0	3250361	3250361	Unknown	SAMD00043215	2015/12/08 00:00	Unknown	1.1	GCA_001485435.1_ASM148543v1_genomic.fna.gz
GCA_001007995.1	GCA_001007995.1	ASM100799v1	Deinococcus soli (ex Cha et al. 2016) (bacteria)	Unknown	Deinococcus soli (ex Cha et al. 2016)	1309411	Complete Genome	0	3236984	3236984	Unknown	SAMN03287573	2015/05/15 00:00	Unknown	0.87	GCA_001007995.1_ASM100799v1_genomic.fna.gz
GCA_040256395.1	GCA_040256395.1	GCC_DsonKR87_v1	Deinococcus sonorensis KR-87 (bacteria)	Unknown	Deinococcus sonorensis	694439	Complete Genome	0	3027404	3027404	Unknown	SAMN41749950	2024/06/21 00:00	Unknown	1.3	GCA_040256395.1_GCC_DsonKR87_v1_genomic.fna.gz
GCA_031359855.1	GCA_031359855.1	ASM3135985v1	Deinococcus sp. (bacteria)	Unknown	Deinococcus sp.	47478	Contig	0	6615	6615	Unknown	SAMN29838049	2023/09/12 00:00	Unknown	2.15	GCA_031359855.1_ASM3135985v1_genomic.fna.gz
GCA_014640655.1	GCA_014640655.1	ASM1464065v1	Deinococcus soli (ex Cha et al. 2016) (bacteria)	Unknown	Deinococcus soli (ex Cha et al. 2016)	1309411	Scaffold	0	76802	112610	Unknown	SAMD00245015	2020/09/12 00:00	Unknown	1.29	GCA_014640655.1_ASM1464065v1_genomic.fna.gz
GCA_047523805.1	GCA_047523805.1	ASM4752380v1	Deinococcus sp. VB343 (bacteria)	Unknown	Deinococcus sp. VB343	3385567	Complete Genome	0	2804072	2804072	Unknown	SAMN44563937	2025/02/10 00:00	Unknown	1.03	GCA_047523805.1_ASM4752380v1_genomic.fna.gz
GCA_001413985.2	GCA_001413985.2	ASM141398v2	Deinococcus sp. UR1 (bacteria)	Unknown	Deinococcus sp. UR1	1704277	Contig	0	143250	143250	Unknown	SAMN04002371	2017/11/04 00:00	Unknown	1.21	GCA_001413985.2_ASM141398v2_genomic.fna.gz
GCA_039535175.1	GCA_039535175.1	ASM3953517v1	Deinococcus persicinus (bacteria)	Unknown	Deinococcus persicinus	1848199	Contig	0	4569959	4569959	Unknown	SAMD00645464	2024/02/23 00:00	Unknown	2.45	GCA_039535175.1_ASM3953517v1_genomic.fna.gz
GCA_002901445.1	GCA_002901445.1	ASM290144v1	Deinococcus koreensis (bacteria)	Unknown	Deinococcus koreensis	2054903	Contig	0	3524480	3524480	Unknown	SAMN08040562	2018/01/27 00:00	Unknown	1.22	GCA_002901445.1_ASM290144v1_genomic.fna.gz
GCA_000020685.1	GCA_000020685.1	ASM2068v1	Deinococcus deserti VCD115 (bacteria)	Unknown	Deinococcus deserti	546414	Complete Genome	0	2819842	2819842	Unknown	SAMN02603250	2009/04/02 00:00	Unknown	1.08	GCA_000020685.1_ASM2068v1_genomic.fna.gz
GCA_020166395.1	GCA_020166395.1	ASM2016639v1	Deinococcus betulae (bacteria)	Unknown	Deinococcus betulae	2873312	Contig	0	121760	121760	Unknown	SAMN20982217	2021/09/25 00:00	Unknown	2.35	GCA_020166395.1_ASM2016639v1_genomic.fna.gz
GCA_014647055.1	GCA_014647055.1	ASM1464705v1	Deinococcus aerolatus (bacteria)	Unknown	Deinococcus aerolatus	522487	Scaffold	0	182602	198266	Unknown	SAMD00245256	2020/09/12 00:00	Unknown	1.09	GCA_014647055.1_ASM1464705v1_genomic.fna.gz
GCA_042655005.1	GCA_042655005.1	ASM4265500v1	Deinococcus sonorensis (bacteria)	Unknown	Deinococcus sonorensis	309891	Contig	0	286250	286250	Unknown	SAMN43283094	2024/10/05 00:00	Unknown	1.35	GCA_042655005.1_ASM4265500v1_genomic.fna.gz
GCA_054352975.1	GCA_054352975.1	ASM5435297v1	Deinococcus sp. PESE-38 (bacteria)	Unknown	Deinococcus sp. PESE-38	3568621	Complete Genome	0	2795085	2795085	Unknown	SAMN54355136	2026/01/05 00:00	Unknown	1.01	GCA_054352975.1_ASM5435297v1_genomic.fna.gz
GCA_042650045.1	GCA_042650045.1	ASM4265004v1	Deinococcus metalli (bacteria)	Unknown	Deinococcus metalli	1141878	Contig	0	3418040	3418040	Unknown	SAMN43282002	2024/10/05 00:00	Unknown	1.27	GCA_042650045.1_ASM4265004v1_genomic.fna.gz
GCA_048822035.1	GCA_048822035.1	ASM4882203v1	Deinococcus sp. ME38 (bacteria)	Unknown	Deinococcus sp. ME38	3400344	Contig	0	98273	98273	Unknown	SAMN46830730	2025/03/23 00:00	Unknown	1.02	GCA_048822035.1_ASM4882203v1_genomic.fna.gz
GCA_014875875.1	GCA_014875875.1	ASM1487587v1	Deinococcus wulumuqiensis R12 (bacteria)	Unknown	Deinococcus wulumuqiensis	1288484	Scaffold	0	33013	34666	Unknown	SAMN16242088	2020/10/10 00:00	Unknown	0.93	GCA_014875875.1_ASM1487587v1_genomic.fna.gz
GCA_014648155.1	GCA_014648155.1	ASM1464815v1	Deinococcus knuensis (bacteria)	Unknown	Deinococcus knuensis	1837380	Contig	0	145773	145773	Unknown	SAMD00245322	2020/09/12 00:00	Unknown	2.78	GCA_014648155.1_ASM1464815v1_genomic.fna.gz
GCA_020546805.1	GCA_020546805.1	ASM2054680v1	Deinococcus radiodurans R1 = ATCC 13939 = DSM 20539 (bacteria)	Unknown	Deinococcus radiodurans	243230	Complete Genome	0	2645385	2645385	Unknown	SAMN11332827	2021/10/25 00:00	Unknown	0.88	GCA_020546805.1_ASM2054680v1_genomic.fna.gz
GCA_965138315.1	GCA_965138315.1	CIP109230T	Deinococcus frigens (bacteria)	Unknown	Deinococcus frigens	249403	Scaffold	0	31364	31364	Unknown	SAMEA117660455	2025/02/13 00:00	Unknown	1.13	GCA_965138315.1_CIP109230T_genomic.fna.gz
GCA_001949125.1	GCA_001949125.1	ASM194912v1	Deinococcus marmoris (bacteria)	Unknown	Deinococcus marmoris	249408	Contig	0	58330	58330	Unknown	SAMN06013988	2017/01/12 00:00	Unknown	1.48	GCA_001949125.1_ASM194912v1_genomic.fna.gz
GCA_037914965.1	GCA_037914965.1	ASM3791496v1	Deinococcus sp. VB142 (bacteria)	Unknown	Deinococcus sp. VB142	3112952	Complete Genome	0	2826664	2826664	Unknown	SAMN40372354	2024/04/06 00:00	Unknown	1.02	GCA_037914965.1_ASM3791496v1_genomic.fna.gz
GCA_054352955.1	GCA_054352955.1	ASM5435295v1	Deinococcus sp. PESE-13 (bacteria)	Unknown	Deinococcus sp. PESE-13	3568620	Complete Genome	0	2796415	2796415	Unknown	SAMN54354953	2026/01/05 00:00	Unknown	1.01	GCA_054352955.1_ASM5435295v1_genomic.fna.gz
GCA_013401415.1	GCA_013401415.1	ASM1340141v1	Deinococcus sp. D7000 (bacteria)	Unknown	Deinococcus sp. D7000	2755035	Complete Genome	0	3492515	3492515	Unknown	SAMN14832922	2020/07/10 00:00	Unknown	1.25	GCA_013401415.1_ASM1340141v1_genomic.fna.gz
GCA_014875835.1	GCA_014875835.1	ASM1487583v1	Deinococcus wulumuqiensis R12 (bacteria)	Unknown	Deinococcus wulumuqiensis	1288484	Scaffold	0	28634	30944	Unknown	SAMN16242087	2020/10/10 00:00	Unknown	0.94	GCA_014875835.1_ASM1487583v1_genomic.fna.gz
GCA_025997855.1	GCA_025997855.1	ASM2599785v1	Deinococcus aetherius (bacteria)	Unknown	Deinococcus aetherius	200252	Complete Genome	0	3135460	3135460	Unknown	SAMD00518143	2022/08/03 00:00	Unknown	2.15	GCA_025997855.1_ASM2599785v1_genomic.fna.gz
GCA_014648095.1	GCA_014648095.1	ASM1464809v1	Deinococcus ruber (bacteria)	Unknown	Deinococcus ruber	1848197	Contig	0	99908	99908	Unknown	SAMD00245319	2020/09/12 00:00	Unknown	2.66	GCA_014648095.1_ASM1464809v1_genomic.fna.gz
GCA_042427565.1	GCA_042427565.1	ASM4242756v1	Deinococcus wulumuqiensis (bacteria)	Unknown	Deinococcus wulumuqiensis	980427	Contig	0	2896610	2896610	Unknown	SAMN43281906	2024/09/28 00:00	Unknown	1.04	GCA_042427565.1_ASM4242756v1_genomic.fna.gz
GCA_014201885.1	GCA_014201885.1	ASM1420188v1	Deinococcus budaensis (bacteria)	Unknown	Deinococcus budaensis	1665626	Scaffold	0	240529	240529	Unknown	SAMN14908303	2020/08/14 00:00	Unknown	1.04	GCA_014201885.1_ASM1420188v1_genomic.fna.gz
GCA_020984885.1	GCA_020984885.1	ASM2098488v1	Deinococcus sp. 14RED07 (bacteria)	Unknown	Deinococcus sp. 14RED07	2745874	Contig	0	6711	6711	Unknown	SAMN15294740	2021/11/24 00:00	Unknown	3.02	GCA_020984885.1_ASM2098488v1_genomic.fna.gz
GCA_000685985.1	GCA_000685985.1	ASM68598v1	Deinococcus radiodurans R1 = ATCC 13939 = DSM 20539 (bacteria)	Unknown	Deinococcus radiodurans	243230	Contig	0	140393	140393	Unknown	SAMN02743363	2014/05/08 00:00	Unknown	0.9	GCA_000685985.1_ASM68598v1_genomic.fna.gz
GCA_020546685.1	GCA_020546685.1	ASM2054668v1	Deinococcus radiodurans R1 = ATCC 13939 = DSM 20539 (bacteria)	Unknown	Deinococcus radiodurans	243230	Complete Genome	0	2644543	2644543	Unknown	SAMN11313123	2021/10/25 00:00	Unknown	0.9	GCA_020546685.1_ASM2054668v1_genomic.fna.gz
GCA_000701425.1	GCA_000701425.1	ASM70142v1	Deinococcus frigens DSM 12807 (bacteria)	Unknown	Deinococcus frigens	1121380	Scaffold	0	59201	62194	Unknown	SAMN02841173	2014/06/11 00:00	Unknown	1.12	GCA_000701425.1_ASM70142v1_genomic.fna.gz
GCA_009687825.1	GCA_009687825.1	ASM968782v1	Deinococcus kurensis (bacteria)	Unknown	Deinococcus kurensis	2662757	Contig	0	3333173	3333173	Unknown	SAMD00192131	2019/11/13 00:00	Unknown	1.23	GCA_009687825.1_ASM968782v1_genomic.fna.gz
GCA_002869765.1	GCA_002869765.1	ASM286976v1	Deinococcus planocerae (bacteria)	Unknown	Deinococcus planocerae	1737569	Contig	0	108247	108247	Unknown	SAMN04914635	2018/01/09 00:00	Unknown	1.18	GCA_002869765.1_ASM286976v1_genomic.fna.gz
GCA_009377345.1	GCA_009377345.1	ASM937734v1	Deinococcus terrestris (bacteria)	Unknown	Deinococcus terrestris	2651870	Contig	0	308062	308062	Unknown	SAMN12885546	2019/10/28 00:00	Unknown	0.95	GCA_009377345.1_ASM937734v1_genomic.fna.gz
GCA_000745915.1	GCA_000745915.1	ASM74591v1	Deinococcus misasensis DSM 22328 (bacteria)	Unknown	Deinococcus misasensis	1121382	Scaffold	0	103294	117101	Unknown	SAMN02746038	2014/08/28 00:00	Unknown	1.42	GCA_000745915.1_ASM74591v1_genomic.fna.gz
GCA_014647995.1	GCA_014647995.1	ASM1464799v1	Deinococcus arenae (bacteria)	Unknown	Deinococcus arenae	1452751	Scaffold	0	217615	249665	Unknown	SAMD00245312	2020/09/12 00:00	Unknown	2.1	GCA_014647995.1_ASM1464799v1_genomic.fna.gz
GCA_042648985.1	GCA_042648985.1	ASM4264898v1	Deinococcus metalli (bacteria)	Unknown	Deinococcus metalli	1141878	Contig	0	348958	348958	Unknown	SAMN43282079	2024/10/05 00:00	Unknown	1.19	GCA_042648985.1_ASM4264898v1_genomic.fna.gz
GCA_041878445.1	GCA_041878445.1	ASM4187844v1	Deinococcus radiodurans (bacteria)	Unknown	Deinococcus radiodurans	1299	Scaffold	0	2648947	2648947	Unknown	SAMN43044303	2024/09/09 00:00	Unknown	0.89	GCA_041878445.1_ASM4187844v1_genomic.fna.gz
GCA_000482805.1	GCA_000482805.1	ASM48280v1	Deinococcus murrayi DSM 11303 (bacteria)	Unknown	Deinococcus murrayi	1121383	Scaffold	0	91608	132966	Unknown	SAMN02440753	2013/10/25 00:00	Unknown	0.76	GCA_000482805.1_ASM48280v1_genomic.fna.gz
GCA_001507665.1	GCA_001507665.1	ASM150766v1	Deinococcus actinosclerus (bacteria)	Unknown	Deinococcus actinosclerus	1768108	Complete Genome	0	3264334	3264334	Unknown	SAMN04325383	2016/01/08 00:00	Unknown	0.88	GCA_001507665.1_ASM150766v1_genomic.fna.gz
GCA_020984835.1	GCA_020984835.1	ASM2098483v1	Deinococcus sp. 12RED42 (bacteria)	Unknown	Deinococcus sp. 12RED42	2745872	Contig	0	8234	8234	Unknown	SAMN15294738	2021/11/24 00:00	Unknown	1.02	GCA_020984835.1_ASM2098483v1_genomic.fna.gz
GCA_042434695.1	GCA_042434695.1	ASM4243469v1	Deinococcus budaensis (bacteria)	Unknown	Deinococcus budaensis	1665626	Contig	0	260799	260799	Unknown	SAMN43281526	2024/09/28 00:00	Unknown	1.0	GCA_042434695.1_ASM4243469v1_genomic.fna.gz
GCA_000190555.1	GCA_000190555.1	ASM19055v1	Deinococcus proteolyticus MRP (bacteria)	Unknown	Deinococcus proteolyticus	693977	Complete Genome	0	2147060	2147060	Unknown	SAMN00016729	2011/02/28 00:00	Unknown	0.8	GCA_000190555.1_ASM19055v1_genomic.fna.gz
GCA_030804085.1	GCA_030804085.1	ASM3080408v1	Deinococcus enclensis (bacteria)	Unknown	Deinococcus enclensis	1049582	Contig	0	155769	155769	Unknown	SAMN35367926	2023/08/18 00:00	Unknown	1.11	GCA_030804085.1_ASM3080408v1_genomic.fna.gz
GCA_919654025.1	GCA_919654025.1	ASM91965402v1	Deinococcus radiodurans (bacteria)	Unknown	Deinococcus radiodurans	1299	Complete Genome	0	2647123	2647123	Unknown	SAMEA9996585	2021/11/23 00:00	Unknown	0.9	GCA_919654025.1_ASM91965402v1_genomic.fna.gz
GCA_946222085.1	GCA_946222085.1	3Hm4tHDTMw_bin.46.MAG	uncultured Deinococcus sp. (bacteria)	Unknown	uncultured Deinococcus sp.	158789	Contig	0	26371	26371	Unknown	SAMEA110089194	2022/09/12 00:00	Unknown	2.35	GCA_946222085.1_3Hm4tHDTMw_bin.46.MAG_genomic.fna.gz
GCA_026672495.1	GCA_026672495.1	ASM2667249v1	Deinococcus sp. SL84 (bacteria)	Unknown	Deinococcus sp. SL84	2994663	Contig	0	2142955	2142955	Unknown	SAMN31669899	2022/12/05 00:00	Unknown	0.87	GCA_026672495.1_ASM2667249v1_genomic.fna.gz
GCA_002198095.1	GCA_002198095.1	ASM219809v1	Deinococcus indicus (bacteria)	Unknown	Deinococcus indicus	223556	Scaffold	0	240435	240435	Unknown	SAMN07142156	2017/06/19 00:00	Unknown	1.2	GCA_002198095.1_ASM219809v1_genomic.fna.gz
GCA_039539825.1	GCA_039539825.1	ASM3953982v1	Deinococcus aetherius (bacteria)	Unknown	Deinococcus aetherius	200252	Contig	0	162349	162349	Unknown	SAMD00645659	2024/02/23 00:00	Unknown	2.32	GCA_039539825.1_ASM3953982v1_genomic.fna.gz
GCA_036543075.1	GCA_036543075.1	ASM3654307v1	Deinococcus lichenicola (bacteria)	Unknown	Deinococcus lichenicola	3118910	Contig	0	144246	144246	Unknown	SAMN39755078	2024/02/11 00:00	Unknown	1.11	GCA_036543075.1_ASM3654307v1_genomic.fna.gz
GCA_004801415.1	GCA_004801415.1	ASM480141v1	Deinococcus sp. KSM4-11 (bacteria)	Unknown	Deinococcus sp. KSM4-11	2568654	Contig	0	492986	492986	Unknown	SAMN11398951	2019/04/20 00:00	Unknown	1.24	GCA_004801415.1_ASM480141v1_genomic.fna.gz
GCA_004115945.1	GCA_004115945.1	ASM411594v1	Deinococcus metallilatus (bacteria)	Unknown	Deinococcus metallilatus	1211322	Contig	0	246168	246168	Unknown	SAMN10769378	2019/01/28 00:00	Unknown	1.1	GCA_004115945.1_ASM411594v1_genomic.fna.gz
GCA_031455885.1	GCA_031455885.1	ASM3145588v1	Deinococcus soli (ex Cha et al. 2016) (bacteria)	Unknown	Deinococcus soli (ex Cha et al. 2016)	1309411	Contig	0	321217	321217	Unknown	SAMN35309394	2023/09/13 00:00	Unknown	1.39	GCA_031455885.1_ASM3145588v1_genomic.fna.gz
GCA_028622095.1	GCA_028622095.1	ASM2862209v1	Deinococcus aquaticus (bacteria)	Unknown	Deinococcus aquaticus	328692	Complete Genome	0	3131215	3131215	Unknown	SAMN28554701	2023/02/14 00:00	Unknown	1.05	GCA_028622095.1_ASM2862209v1_genomic.fna.gz
GCA_013337115.1	GCA_013337115.1	ASM1333711v1	Deinococcus sp. JMULE3 (bacteria)	Unknown	Deinococcus sp. JMULE3	2518341	Contig	0	3281798	3281798	Unknown	SAMN10909634	2020/06/12 00:00	Unknown	1.14	GCA_013337115.1_ASM1333711v1_genomic.fna.gz
GCA_006335125.1	GCA_006335125.1	ASM633512v1	Deinococcus radiopugnans ATCC 19172 (bacteria)	Unknown	Deinococcus radiopugnans	585398	Contig	0	173302	173302	Unknown	SAMN11962656	2019/06/12 00:00	Unknown	1.19	GCA_006335125.1_ASM633512v1_genomic.fna.gz
GCA_014653275.1	GCA_014653275.1	ASM1465327v1	Deinococcus piscis (bacteria)	Unknown	Deinococcus piscis	394230	Scaffold	0	63639	63639	Unknown	SAMD00245115	2020/09/11 00:00	Unknown	0.78	GCA_014653275.1_ASM1465327v1_genomic.fna.gz
GCA_965136095.1	GCA_965136095.1	CIP104750T	Deinococcus radiodurans (bacteria)	Unknown	Deinococcus radiodurans	1299	Scaffold	0	37133	37185	Unknown	SAMEA117660329	2025/02/12 00:00	Unknown	0.9	GCA_965136095.1_CIP104750T_genomic.fna.gz
GCA_020889625.1	GCA_020889625.1	ASM2088962v1	Deinococcus radiophilus (bacteria)	Unknown	Deinococcus radiophilus	32062	Complete Genome	0	2152572	2152572	Unknown	SAMN22895843	2021/11/19 00:00	Unknown	0.79	GCA_020889625.1_ASM2088962v1_genomic.fna.gz
GCA_000317835.1	GCA_000317835.1	ASM31783v1	Deinococcus peraridilitoris DSM 19664 (bacteria)	Unknown	Deinococcus peraridilitoris	937777	Complete Genome	0	3881839	3881839	Unknown	SAMN02261392	2012/12/10 00:00	Unknown	1.26	GCA_000317835.1_ASM31783v1_genomic.fna.gz
GCA_014875965.1	GCA_014875965.1	ASM1487596v1	Deinococcus wulumuqiensis R12 (bacteria)	Unknown	Deinococcus wulumuqiensis	1288484	Scaffold	0	45580	45580	Unknown	SAMN16242083	2020/10/10 00:00	Unknown	0.99	GCA_014875965.1_ASM1487596v1_genomic.fna.gz
GCA_014647175.1	GCA_014647175.1	ASM1464717v1	Deinococcus daejeonensis (bacteria)	Unknown	Deinococcus daejeonensis	1007098	Contig	0	183604	183604	Unknown	SAMD00245263	2020/09/12 00:00	Unknown	2.09	GCA_014647175.1_ASM1464717v1_genomic.fna.gz
GCA_014875745.1	GCA_014875745.1	ASM1487574v1	Deinococcus wulumuqiensis R12 (bacteria)	Unknown	Deinococcus wulumuqiensis	1288484	Scaffold	0	66067	424308	Unknown	SAMN16242094	2020/10/10 00:00	Unknown	0.94	GCA_014875745.1_ASM1487574v1_genomic.fna.gz
GCA_000800395.1	GCA_000800395.1	ASM80039v1	Deinococcus radiopugnans (bacteria)	Unknown	Deinococcus radiopugnans	57497	Complete Genome	0	3531443	3531443	Unknown	SAMN03218061	2014/12/09 00:00	Unknown	0.97	GCA_000800395.1_ASM80039v1_genomic.fna.gz
GCA_964277665.1	GCA_964277665.1	SP67_2_metabat2_genome_mining.16	uncultured Deinococcus sp. (bacteria)	Unknown	uncultured Deinococcus sp.	158789	Contig	0	14857	14857	Unknown	SAMEA8944001	2024/10/19 00:00	Unknown	0.89	GCA_964277665.1_SP67_2_metabat2_genome_mining.16_genomic.fna.gz
GCA_001638825.1	GCA_001638825.1	ASM163882v1	Deinococcus radiodurans R1 = ATCC 13939 = DSM 20539 (bacteria)	Unknown	Deinococcus radiodurans	243230	Complete Genome	0	2646742	2646742	Unknown	SAMN04562548	2016/05/06 00:00	Unknown	0.92	GCA_001638825.1_ASM163882v1_genomic.fna.gz
GCA_000599865.1	GCA_000599865.1	Deiph1P10ME_08-2013_v01	Deinococcus phoenicis (bacteria)	Unknown	Deinococcus phoenicis	1476583	Contig	0	89525	89525	Unknown	SAMN02690678	2014/03/24 00:00	Unknown	1.04	GCA_000599865.1_Deiph1P10ME_08-2013_v01_genomic.fna.gz
GCA_000708185.1	GCA_000708185.1	ASM70818v1	Deinococcus sp. RL (bacteria)	Unknown	Deinococcus sp. RL	1489678	Contig	0	74757	74757	Unknown	SAMN02746165	2014/06/16 00:00	Unknown	0.76	GCA_000708185.1_ASM70818v1_genomic.fna.gz
GCA_900109185.1	GCA_900109185.1	IMG-taxon 2617270904 annotated assembly	Deinococcus reticulitermitis (bacteria)	Unknown	Deinococcus reticulitermitis	856736	Scaffold	0	145391	145391	Unknown	SAMN04488058	2016/10/31 00:00	Unknown	0.96	GCA_900109185.1_IMG-taxon_2617270904_annotated_assembly_genomic.fna.gz
GCA_014653295.1	GCA_014653295.1	ASM1465329v1	Deinococcus indicus (bacteria)	Unknown	Deinococcus indicus	223556	Contig	0	185726	185726	Unknown	SAMD00245116	2020/09/12 00:00	Unknown	1.18	GCA_014653295.1_ASM1465329v1_genomic.fna.gz
GCA_009755355.1	GCA_009755355.1	ASM975535v1	Deinococcus arboris (bacteria)	Unknown	Deinococcus arboris	2682977	Contig	0	113843	113843	Unknown	SAMN13451387	2019/12/14 00:00	Unknown	1.32	GCA_009755355.1_ASM975535v1_genomic.fna.gz
GCA_011067105.1	GCA_011067105.1	ASM1106710v1	Deinococcus wulumuqiensis R12 (bacteria)	Unknown	Deinococcus wulumuqiensis	1288484	Complete Genome	0	2857585	2857585	Unknown	SAMN14178249	2020/03/07 00:00	Unknown	0.95	GCA_011067105.1_ASM1106710v1_genomic.fna.gz
GCA_000186385.1	GCA_000186385.1	ASM18638v1	Deinococcus maricopensis DSM 21211 (bacteria)	Unknown	Deinococcus maricopensis	709986	Complete Genome	0	3498530	3498530	Unknown	SAMN00713579	2011/01/20 00:00	Unknown	0.94	GCA_000186385.1_ASM18638v1_genomic.fna.gz
GCA_014646915.1	GCA_014646915.1	ASM1464691v1	Deinococcus aquiradiocola (bacteria)	Unknown	Deinococcus aquiradiocola	393059	Scaffold	0	249433	262354	Unknown	SAMD00245247	2020/09/12 00:00	Unknown	1.12	GCA_014646915.1_ASM1464691v1_genomic.fna.gz
GCA_020984865.1	GCA_020984865.1	ASM2098486v1	Deinococcus sp. 6GRE01 (bacteria)	Unknown	Deinococcus sp. 6GRE01	2745873	Contig	0	8947	8947	Unknown	SAMN15294739	2021/11/24 00:00	Unknown	1.99	GCA_020984865.1_ASM2098486v1_genomic.fna.gz
GCA_054352855.1	GCA_054352855.1	ASM5435285v1	Deinococcus sp. PEB2-67 (bacteria)	Unknown	Deinococcus sp. PEB2-67	3568619	Complete Genome	0	3286119	3286119	Unknown	SAMN54354902	2026/01/05 00:00	Unknown	1.18	GCA_054352855.1_ASM5435285v1_genomic.fna.gz
GCA_039522025.1	GCA_039522025.1	ASM3952202v1	Deinococcus depolymerans (bacteria)	Unknown	Deinococcus depolymerans	392408	Scaffold	0	184048	184048	Unknown	SAMD00644949	2024/02/23 00:00	Unknown	1.0	GCA_039522025.1_ASM3952202v1_genomic.fna.gz
GCA_014875785.1	GCA_014875785.1	ASM1487578v1	Deinococcus wulumuqiensis R12 (bacteria)	Unknown	Deinococcus wulumuqiensis	1288484	Scaffold	0	84494	2136643	Unknown	SAMN16242092	2020/10/10 00:00	Unknown	0.96	GCA_014875785.1_ASM1487578v1_genomic.fna.gz
GCA_045062605.1	GCA_045062605.1	ASM4506260v1	Deinococcus sp. SM5_A1 (bacteria)	Unknown	Deinococcus sp. SM5_A1	3379094	Contig	0	49768	49768	Unknown	SAMN44693861	2024/11/19 00:00	Unknown	1.14	GCA_045062605.1_ASM4506260v1_genomic.fna.gz
GCA_053878665.1	GCA_053878665.1	ASM5387866v1	Deinococcus wulumuqiensis (bacteria)	Unknown	Deinococcus wulumuqiensis	980427	Contig	0	2781713	2781713	Unknown	SAMN50612395	2025/12/08 00:00	Unknown	0.94	GCA_053878665.1_ASM5387866v1_genomic.fna.gz
GCA_014875855.1	GCA_014875855.1	ASM1487585v1	Deinococcus wulumuqiensis R12 (bacteria)	Unknown	Deinococcus wulumuqiensis	1288484	Scaffold	0	118540	2869672	Unknown	SAMN16242089	2020/10/10 00:00	Unknown	0.97	GCA_014875855.1_ASM1487585v1_genomic.fna.gz
GCA_002897375.1	GCA_002897375.1	ASM289737v1	Deinococcus aerius (bacteria)	Unknown	Deinococcus aerius	200253	Contig	0	237081	237081	Unknown	SAMD00106315	2018/01/17 00:00	Unknown	1.23	GCA_002897375.1_ASM289737v1_genomic.fna.gz
GCA_039539945.1	GCA_039539945.1	ASM3953994v1	Deinococcus rubellus (bacteria)	Unknown	Deinococcus rubellus	1889240	Contig	0	64570	64570	Unknown	SAMD00645665	2024/02/23 00:00	Unknown	2.03	GCA_039539945.1_ASM3953994v1_genomic.fna.gz
GCA_018863415.1	GCA_018863415.1	ASM1886341v1	Deinococcus aestuarii (bacteria)	Unknown	Deinococcus aestuarii	2774531	Contig	0	164117	164117	Unknown	SAMN16095329	2021/06/13 00:00	Unknown	1.37	GCA_018863415.1_ASM1886341v1_genomic.fna.gz
GCA_039545155.1	GCA_039545155.1	ASM3954515v1	Deinococcus aluminii (bacteria)	Unknown	Deinococcus aluminii	1656885	Contig	0	474969	474969	Unknown	SAMD00543389	2024/03/26 00:00	Unknown	1.0	GCA_039545155.1_ASM3954515v1_genomic.fna.gz
GCA_039544915.1	GCA_039544915.1	ASM3954491v1	Deinococcus aquaticus (bacteria)	Unknown	Deinococcus aquaticus	328692	Contig	0	165476	165476	Unknown	SAMD00539838	2024/03/26 00:00	Unknown	1.06	GCA_039544915.1_ASM3954491v1_genomic.fna.gz
GCA_014647655.1	GCA_014647655.1	ASM1464765v1	Deinococcus malanensis (bacteria)	Unknown	Deinococcus malanensis	1706855	Scaffold	0	184195	219304	Unknown	SAMD00245293	2020/09/12 00:00	Unknown	2.37	GCA_014647655.1_ASM1464765v1_genomic.fna.gz
GCA_020984805.1	GCA_020984805.1	ASM2098480v1	Deinococcus sp. 23YEL01 (bacteria)	Unknown	Deinococcus sp. 23YEL01	2745871	Contig	0	8830	8830	Unknown	SAMN15294737	2021/11/24 00:00	Unknown	1.06	GCA_020984805.1_ASM2098480v1_genomic.fna.gz
GCA_000008565.1	GCA_000008565.1	ASM856v1	Deinococcus radiodurans R1 = ATCC 13939 = DSM 20539 (bacteria)	Unknown	Deinococcus radiodurans	243230	Complete Genome	0	2648638	2648638	Unknown	SAMN02603976	2001/09/28 00:00	Unknown	0.9	GCA_000008565.1_ASM856v1_genomic.fna.gz
GCA_045784305.1	GCA_045784305.1	DRML_24019	Deinococcus radiomollis (bacteria)	Unknown	Deinococcus radiomollis	468916	Complete Genome	0	3359782	3359782	Unknown	SAMN36368281	2024/12/07 00:00	Unknown	1.61	GCA_045784305.1_DRML_24019_genomic.fna.gz
GCA_000419625.1	GCA_000419625.1	ASM41962v1	Deinococcus ficus (bacteria)	Unknown	Deinococcus ficus	317577	Contig	0	2835652	2835652	Unknown	SAMN02441593	2013/07/09 00:00	Unknown	1.08	GCA_000419625.1_ASM41962v1_genomic.fna.gz
GCA_025244745.1	GCA_025244745.1	ASM2524474v1	Deinococcus rubellus (bacteria)	Unknown	Deinococcus rubellus	1889240	Complete Genome	0	3041811	3041811	Unknown	SAMN30629421	2022/09/17 00:00	Unknown	0.84	GCA_025244745.1_ASM2524474v1_genomic.fna.gz
GCA_042685025.1	GCA_042685025.1	ASM4268502v1	Deinococcus taklimakanensis (bacteria)	Unknown	Deinococcus taklimakanensis	536443	Scaffold	0	61383	70713	Unknown	SAMN43282403	2024/10/07 00:00	Unknown	0.87	GCA_042685025.1_ASM4268502v1_genomic.fna.gz
GCA_000687895.1	GCA_000687895.1	ASM68789v1	Deinococcus radiodurans R1 = ATCC 13939 = DSM 20539 (bacteria)	Unknown	Deinococcus radiodurans	243230	Contig	0	150793	150793	Unknown	SAMN02743895	2014/04/08 00:00	Unknown	0.89	GCA_000687895.1_ASM68789v1_genomic.fna.gz
GCA_031427295.1	GCA_031427295.1	ASM3142729v1	Deinococcus sp. (bacteria)	Unknown	Deinococcus sp.	47478	Contig	0	8061	8061	Unknown	SAMN29840764	2023/09/12 00:00	Unknown	0.89	GCA_031427295.1_ASM3142729v1_genomic.fna.gz
GCA_020984815.1	GCA_020984815.1	ASM2098481v1	Deinococcus sp. 6YEL10 (bacteria)	Unknown	Deinococcus sp. 6YEL10	2745870	Contig	0	10555	10555	Unknown	SAMN15294736	2021/11/24 00:00	Unknown	2.26	GCA_020984815.1_ASM2098481v1_genomic.fna.gz
GCA_042431605.1	GCA_042431605.1	ASM4243160v1	Deinococcus oregonensis (bacteria)	Unknown	Deinococcus oregonensis	1805970	Scaffold	0	141585	141585	Unknown	SAMN43281683	2024/09/28 00:00	Unknown	1.58	GCA_042431605.1_ASM4243160v1_genomic.fna.gz
GCA_046774955.1	GCA_046774955.1	ASM4677495v1	Deinococcus yunweiensis (bacteria)	Unknown	Deinococcus yunweiensis	367282	Complete Genome	0	3915113	3915113	Unknown	SAMN46065655	2025/01/21 00:00	Unknown	1.29	GCA_046774955.1_ASM4677495v1_genomic.fna.gz
GCA_030161515.1	GCA_030161515.1	ASM3016151v1	Deinococcus metallilatus (bacteria)	Unknown	Deinococcus metallilatus	1211322	Contig	0	316924	316924	Unknown	SAMD00582106	2023/03/24 00:00	Unknown	2.07	GCA_030161515.1_ASM3016151v1_genomic.fna.gz
GCA_014201805.1	GCA_014201805.1	ASM1420180v1	Deinococcus metalli (bacteria)	Unknown	Deinococcus metalli	1141878	Contig	0	338599	338599	Unknown	SAMN14908283	2020/08/14 00:00	Unknown	1.33	GCA_014201805.1_ASM1420180v1_genomic.fna.gz
GCA_014647435.1	GCA_014647435.1	ASM1464743v1	Deinococcus radiotolerans (bacteria)	Unknown	Deinococcus radiotolerans	1309407	Contig	0	204519	204519	Unknown	SAMD00245277	2020/09/12 00:00	Unknown	1.25	GCA_014647435.1_ASM1464743v1_genomic.fna.gz
GCA_009834985.1	GCA_009834985.1	ASM983498v1	Deinococcus xianganensis (bacteria)	Unknown	Deinococcus xianganensis	1507289	Scaffold	0	38576	40195	Unknown	SAMN13351212	2020/01/08 00:00	Unknown	1.14	GCA_009834985.1_ASM983498v1_genomic.fna.gz
GCA_004353485.1	GCA_004353485.1	ASM435348v1	Deinococcus sp. S9 (bacteria)	Unknown	Deinococcus sp. S9	2545754	Contig	0	111497	111497	Unknown	SAMN11053996	2019/03/15 00:00	Unknown	0.93	GCA_004353485.1_ASM435348v1_genomic.fna.gz
GCA_965247785.1	GCA_965247785.1	glEphLana1.Deinococcus_sp_2.1	Deinococcus sp. (bacteria)	Unknown	Deinococcus sp.	47478	Complete Genome	0	3392314	3392314	Unknown	SAMEA117994176	2025/04/21 00:00	Unknown	1.11	GCA_965247785.1_glEphLana1.Deinococcus_sp_2.1_genomic.fna.gz
GCA_024171495.1	GCA_024171495.1	ASM2417149v1	Deinococcus sp. HSC-46F16 (bacteria)	Unknown	Deinococcus sp. HSC-46F16	2910968	Contig	0	390911	390911	Unknown	SAMN25026407	2022/07/06 00:00	Unknown	0.86	GCA_024171495.1_ASM2417149v1_genomic.fna.gz
GCA_000745175.1	GCA_000745175.1	ASM74517v1	Deinococcus sp. YIM 77859 (bacteria)	Unknown	Deinococcus sp. YIM 77859	1540221	Contig	0	2636324	2636324	Unknown	SAMN02745160	2014/08/28 00:00	Unknown	0.87	GCA_000745175.1_ASM74517v1_genomic.fna.gz
GCA_014875905.1	GCA_014875905.1	ASM1487590v1	Deinococcus wulumuqiensis R12 (bacteria)	Unknown	Deinococcus wulumuqiensis	1288484	Scaffold	0	13913	17324	Unknown	SAMN16242086	2020/10/10 00:00	Unknown	0.94	GCA_014875905.1_ASM1487590v1_genomic.fna.gz
GCA_003345215.1	GCA_003345215.1	ASM334521v1	Deinococcus wulumuqiensis (bacteria)	Unknown	Deinococcus wulumuqiensis	980427	Complete Genome	0	2658929	2658929	Unknown	SAMN09695691	2018/07/30 00:00	Unknown	1.03	GCA_003345215.1_ASM334521v1_genomic.fna.gz
GCA_014645595.1	GCA_014645595.1	ASM1464559v1	Deinococcus wulumuqiensis (bacteria)	Unknown	Deinococcus wulumuqiensis	980427	Scaffold	0	25374	84852	Unknown	SAMD00245160	2020/09/12 00:00	Unknown	0.94	GCA_014645595.1_ASM1464559v1_genomic.fna.gz
GCA_020229735.1	GCA_020229735.1	ASM2022973v1	Deinococcus taeanensis (bacteria)	Unknown	Deinococcus taeanensis	2737050	Complete Genome	0	2855189	2855189	Unknown	SAMN21422229	2021/10/04 00:00	Unknown	1.26	GCA_020229735.1_ASM2022973v1_genomic.fna.gz
GCA_008329785.1	GCA_008329785.1	ASM832978v1	Deinococcus radiodurans (bacteria)	Unknown	Deinococcus radiodurans	1299	Complete Genome	0	2647538	2647538	Unknown	SAMN09743852	2019/09/09 00:00	Unknown	0.9	GCA_008329785.1_ASM832978v1_genomic.fna.gz
GCA_025362455.1	GCA_025362455.1	ASM2536245v1	Deinococcus sp. (bacteria)	Unknown	Deinococcus sp.	47478	Contig	0	19978	19978	Unknown	SAMN30205778	2022/09/21 00:00	Unknown	1.03	GCA_025362455.1_ASM2536245v1_genomic.fna.gz
GCA_020166415.1	GCA_020166415.1	ASM2016641v1	Deinococcus multiflagellatus (bacteria)	Unknown	Deinococcus multiflagellatus	1656887	Contig	0	163165	163165	Unknown	SAMN20982218	2021/09/25 00:00	Unknown	2.46	GCA_020166415.1_ASM2016641v1_genomic.fna.gz
GCA_003966215.1	GCA_003966215.1	ASM396621v1	Deinococcus radiophilus (bacteria)	Unknown	Deinococcus radiophilus	32062	Contig	0	77319	77319	Unknown	SAMN10585556	2018/12/23 00:00	Unknown	0.78	GCA_003966215.1_ASM396621v1_genomic.fna.gz
GCA_004801315.1	GCA_004801315.1	ASM480131v1	Deinococcus sp. Arct2-2 (bacteria)	Unknown	Deinococcus sp. Arct2-2	2568653	Contig	0	64271	64271	Unknown	SAMN11398288	2019/04/20 00:00	Unknown	1.31	GCA_004801315.1_ASM480131v1_genomic.fna.gz
GCA_913778565.1	GCA_913778565.1	SP266_2_metabat2_genome_mining.38	uncultured Deinococcus sp. (bacteria)	Unknown	uncultured Deinococcus sp.	158789	Contig	0	37378	37378	Unknown	SAMEA8944558	2021/11/12 00:00	Unknown	0.96	GCA_913778565.1_SP266_2_metabat2_genome_mining.38_genomic.fna.gz
GCA_014646895.1	GCA_014646895.1	ASM1464689v1	Deinococcus roseus (bacteria)	Unknown	Deinococcus roseus	392414	Scaffold	0	138506	181530	Unknown	SAMD00245246	2020/09/12 00:00	Unknown	1.58	GCA_014646895.1_ASM1464689v1_genomic.fna.gz
GCA_030271215.1	GCA_030271215.1	ASM3027121v1	Deinococcus rhizophilus (bacteria)	Unknown	Deinococcus rhizophilus	3049544	Scaffold	0	14266	14805	Unknown	SAMN35341200	2023/06/13 00:00	Unknown	0.9	GCA_030271215.1_ASM3027121v1_genomic.fna.gz
GCA_000478785.1	GCA_000478785.1	R13	Deinococcus wulumuqiensis R13 (bacteria)	Unknown	Deinococcus wulumuqiensis	1403343	Contig	0	14748	14748	Unknown	SAMN02470569	2013/10/22 00:00	Unknown	0.9	GCA_000478785.1_R13_genomic.fna.gz
GCA_014648135.1	GCA_014648135.1	ASM1464813v1	Deinococcus sedimenti (bacteria)	Unknown	Deinococcus sedimenti	1867090	Contig	0	251576	251576	Unknown	SAMD00245321	2020/09/12 00:00	Unknown	1.2	GCA_014648135.1_ASM1464813v1_genomic.fna.gz
GCA_051857675.1	GCA_051857675.1	ASM5185767v1	Deinococcus aquaticus (bacteria)	Unknown	Deinococcus aquaticus	328692	Contig	0	25310	25310	Unknown	SAMN50220347	2025/08/06 00:00	Unknown	1.15	GCA_051857675.1_ASM5185767v1_genomic.fna.gz
GCA_000519345.1	GCA_000519345.1	ASM51934v1	Deinococcus pimensis DSM 21231 (bacteria)	Unknown	Deinococcus pimensis	926554	Scaffold	0	13596	118265	Unknown	SAMN02584908	2014/01/13 00:00	Unknown	1.27	GCA_000519345.1_ASM51934v1_genomic.fna.gz
GCA_014202095.1	GCA_014202095.1	ASM1420209v1	Deinococcus metallilatus (bacteria)	Unknown	Deinococcus metallilatus	1211322	Contig	0	316992	316992	Unknown	SAMN14908335	2020/08/14 00:00	Unknown	1.2	GCA_014202095.1_ASM1420209v1_genomic.fna.gz
GCA_014201875.1	GCA_014201875.1	ASM1420187v1	Deinococcus humi (bacteria)	Unknown	Deinococcus humi	662880	Contig	0	282091	282091	Unknown	SAMN14908269	2020/08/14 00:00	Unknown	1.6	GCA_014201875.1_ASM1420187v1_genomic.fna.gz
GCA_913776815.1	GCA_913776815.1	SP48_2_metabat2_genome_mining.34	uncultured Deinococcus sp. (bacteria)	Unknown	uncultured Deinococcus sp.	158789	Contig	0	22271	22271	Unknown	SAMEA8944516	2021/11/12 00:00	Unknown	0.91	GCA_913776815.1_SP48_2_metabat2_genome_mining.34_genomic.fna.gz
GCA_042656085.1	GCA_042656085.1	ASM4265608v1	Deinococcus petrolearius (bacteria)	Unknown	Deinococcus petrolearius	1751295	Scaffold	0	160348	160348	Unknown	SAMN43282794	2024/10/06 00:00	Unknown	1.03	GCA_042656085.1_ASM4265608v1_genomic.fna.gz
GCA_014875755.1	GCA_014875755.1	ASM1487575v1	Deinococcus wulumuqiensis R12 (bacteria)	Unknown	Deinococcus wulumuqiensis	1288484	Scaffold	0	46493	455700	Unknown	SAMN16242093	2020/10/10 00:00	Unknown	1.0	GCA_014875755.1_ASM1487575v1_genomic.fna.gz
GCA_003583865.2	GCA_003583865.2	ASM358386v2	Deinococcus sp. RM (bacteria)	Unknown	Deinococcus sp. RM	2316359	Complete Genome	0	3199600	3199600	Unknown	SAMN10023131	2025/03/07 00:00	Unknown	1.1	GCA_003583865.2_ASM358386v2_genomic.fna.gz
GCA_054353055.1	GCA_054353055.1	ASM5435305v1	Deinococcus sp. PEB2-63 (bacteria)	Unknown	Deinococcus sp. PEB2-63	3568618	Complete Genome	0	3287387	3287387	Unknown	SAMN54354621	2026/01/05 00:00	Unknown	1.15	GCA_054353055.1_ASM5435305v1_genomic.fna.gz
GCA_014202645.1	GCA_014202645.1	ASM1420264v1	Deinobacterium chartae (bacteria)	Unknown	Deinobacterium chartae	521158	Scaffold	0	253008	253008	Unknown	SAMN14908534	2020/08/14 00:00	Unknown	1.03	GCA_014202645.1_ASM1420264v1_genomic.fna.gz
GCA_018260405.1	GCA_018260405.1	ASM1826040v1	Deinococcus sp. (bacteria)	Unknown	Deinococcus sp.	47478	Scaffold	0	24793	25865	Unknown	SAMN18543081	2021/05/04 00:00	Unknown	0.81	GCA_018260405.1_ASM1826040v1_genomic.fna.gz
GCA_014875975.1	GCA_014875975.1	ASM1487597v1	Deinococcus wulumuqiensis R12 (bacteria)	Unknown	Deinococcus wulumuqiensis	1288484	Contig	0	38106	38106	Unknown	SAMN16242084	2020/10/10 00:00	Unknown	0.96	GCA_014875975.1_ASM1487597v1_genomic.fna.gz
GCA_014875815.1	GCA_014875815.1	ASM1487581v1	Deinococcus wulumuqiensis R12 (bacteria)	Unknown	Deinococcus wulumuqiensis	1288484	Contig	0	2904890	2904890	Unknown	SAMN16242091	2020/10/10 00:00	Unknown	0.98	GCA_014875815.1_ASM1487581v1_genomic.fna.gz
GCA_003590815.1	GCA_003590815.1	ASM359081v1	Deinococcus cavernae (bacteria)	Unknown	Deinococcus cavernae	2320857	Contig	0	3136058	3136058	Unknown	SAMN10055681	2018/09/24 00:00	Unknown	1.26	GCA_003590815.1_ASM359081v1_genomic.fna.gz
GCA_000381345.1	GCA_000381345.1	ASM38134v1	Deinococcus apachensis DSM 19763 (bacteria)	Unknown	Deinococcus apachensis	1121377	Scaffold	0	186473	193107	Unknown	SAMN02441322	2013/04/24 00:00	Unknown	1.22	GCA_000381345.1_ASM38134v1_genomic.fna.gz
GCA_014653255.1	GCA_014653255.1	ASM1465325v1	Deinococcus ficus (bacteria)	Unknown	Deinococcus ficus	317577	Contig	0	122639	122639	Unknown	SAMD00245114	2020/09/12 00:00	Unknown	0.85	GCA_014653255.1_ASM1465325v1_genomic.fna.gz
GCA_014875845.1	GCA_014875845.1	ASM1487584v1	Deinococcus wulumuqiensis R12 (bacteria)	Unknown	Deinococcus wulumuqiensis	1288484	Contig	0	2857585	2857585	Unknown	SAMN16242090	2020/10/10 00:00	Unknown	0.95	GCA_014875845.1_ASM1487584v1_genomic.fna.gz
GCA_965218805.1	GCA_965218805.1	gpVerDitm2.Deinococcus_sp_2.1	Deinococcus sp. (bacteria)	Unknown	Deinococcus sp.	47478	Chromosome	0	3326445	3326445	Unknown	SAMEA117736094	2025/03/23 00:00	Unknown	1.23	GCA_965218805.1_gpVerDitm2.Deinococcus_sp_2.1_genomic.fna.gz
GCA_019091385.1	GCA_019091385.1	ASM1909138v1	Deinococcus sp. GbtcB9 (bacteria)	Unknown	Deinococcus sp. GbtcB9	2824754	Scaffold	0	176100	176100	Unknown	SAMN18679167	2021/07/02 00:00	Unknown	2.08	GCA_019091385.1_ASM1909138v1_genomic.fna.gz
GCA_054059775.1	GCA_054059775.1	ASM5405977v1	Deinococcus sp. UYEF24 (bacteria)	Unknown	Deinococcus sp. UYEF24	1756383	Contig	0	98073	98073	Unknown	SAMN52938811	2025/12/17 00:00	Unknown	1.56	GCA_054059775.1_ASM5405977v1_genomic.fna.gz
GCA_042648385.1	GCA_042648385.1	ASM4264838v1	Deinococcus soli (ex Cha et al. 2016) (bacteria)	Unknown	Deinococcus soli (ex Cha et al. 2016)	1309411	Contig	0	3372451	3372451	Unknown	SAMN43282111	2024/10/05 00:00	Unknown	1.34	GCA_042648385.1_ASM4264838v1_genomic.fna.gz
GCA_042656985.1	GCA_042656985.1	ASM4265698v1	Deinococcus cellulosilyticus (bacteria)	Unknown	Deinococcus cellulosilyticus	401558	Contig	0	291899	291899	Unknown	SAMN43282825	2024/10/06 00:00	Unknown	1.71	GCA_042656985.1_ASM4265698v1_genomic.fna.gz
GCA_020547025.1	GCA_020547025.1	ASM2054702v1	Deinococcus radiodurans R1 = ATCC 13939 = DSM 20539 (bacteria)	Unknown	Deinococcus radiodurans	243230	Complete Genome	0	2646569	2646569	Unknown	SAMN11332829	2021/10/25 00:00	Unknown	0.88	GCA_020547025.1_ASM2054702v1_genomic.fna.gz
GCA_943913535.1	GCA_943913535.1	btEH4aLTtU_bin.49.MAG	Deinococcus wulumuqiensis (bacteria)	Unknown	Deinococcus wulumuqiensis	980427	Contig	0	8518	8518	Unknown	SAMEA110089357	2022/06/14 00:00	Unknown	0.81	GCA_943913535.1_btEH4aLTtU_bin.49.MAG_genomic.fna.gz
GCA_042653905.1	GCA_042653905.1	ASM4265390v1	Deinococcus navajonensis (bacteria)	Unknown	Deinococcus navajonensis	309884	Scaffold	0	267317	267317	Unknown	SAMN43283093	2024/10/05 00:00	Unknown	1.05	GCA_042653905.1_ASM4265390v1_genomic.fna.gz
GCA_014875735.1	GCA_014875735.1	ASM1487573v1	Deinococcus wulumuqiensis R12 (bacteria)	Unknown	Deinococcus wulumuqiensis	1288484	Scaffold	0	68793	277887	Unknown	SAMN16242095	2020/10/10 00:00	Unknown	0.99	GCA_014875735.1_ASM1487573v1_genomic.fna.gz
GCA_039544955.1	GCA_039544955.1	ASM3954495v1	Deinococcus depolymerans (bacteria)	Unknown	Deinococcus depolymerans	392408	Contig	0	144207	144207	Unknown	SAMD00540143	2024/03/26 00:00	Unknown	1.04	GCA_039544955.1_ASM3954495v1_genomic.fna.gz
GCA_000430865.1	GCA_000430865.1	ASM43086v1	Deinococcus ficus DSM 19119 (bacteria)	Unknown	Deinococcus ficus	1121379	Scaffold	0	233487	233487	Unknown	SAMN02441464	2013/07/16 00:00	Unknown	1.12	GCA_000430865.1_ASM43086v1_genomic.fna.gz
GCA_009982895.1	GCA_009982895.1	ASM998289v1	Deinococcus alpinitundrae (bacteria)	Unknown	Deinococcus alpinitundrae	468913	Scaffold	0	171311	171311	Unknown	SAMN13821739	2020/01/29 00:00	Unknown	1.31	GCA_009982895.1_ASM998289v1_genomic.fna.gz
GCA_042649445.1	GCA_042649445.1	ASM4264944v1	Deinococcus rufus (bacteria)	Unknown	Deinococcus rufus	2136097	Scaffold	0	366235	373925	Unknown	SAMN43282041	2024/10/05 00:00	Unknown	1.28	GCA_042649445.1_ASM4264944v1_genomic.fna.gz
GCA_014201625.1	GCA_014201625.1	ASM1420162v1	Deinococcus radiopugnans ATCC 19172 (bacteria)	Unknown	Deinococcus radiopugnans	585398	Contig	0	136034	136034	Unknown	SAMN14908327	2020/08/14 00:00	Unknown	1.19	GCA_014201625.1_ASM1420162v1_genomic.fna.gz
GCA_002953415.1	GCA_002953415.1	ASM295341v1	Deinococcus sp. NW-56 (bacteria)	Unknown	Deinococcus sp. NW-56	2080419	Complete Genome	0	2749481	2749481	Unknown	SAMN08408080	2018/02/06 00:00	Unknown	0.97	GCA_002953415.1_ASM295341v1_genomic.fna.gz
GCA_946848805.1	GCA_946848805.1	Q6407	Deinococcus sp. Marseille-Q6407 (bacteria)	Unknown	Deinococcus sp. Marseille-Q6407	2969223	Contig	0	539192	539192	Unknown	SAMEA111315941	2022/09/15 00:00	Unknown	0.74	GCA_946848805.1_Q6407_genomic.fna.gz
GCA_045784255.1	GCA_045784255.1	ASM4578425v1	Deinococcus altitudinis (bacteria)	Unknown	Deinococcus altitudinis	468914	Complete Genome	0	3046749	3046749	Unknown	SAMN36308717	2024/12/07 00:00	Unknown	1.38	GCA_045784255.1_ASM4578425v1_genomic.fna.gz
GCA_009017495.1	GCA_009017495.1	ASM901749v1	Deinococcus sp. AJ005 (bacteria)	Unknown	Deinococcus sp. AJ005	2652443	Complete Genome	0	3380712	3380712	Unknown	SAMN12911568	2019/10/13 00:00	Unknown	1.11	GCA_009017495.1_ASM901749v1_genomic.fna.gz
GCA_042661385.1	GCA_042661385.1	ASM4266138v1	Deinococcus lacus (bacteria)	Unknown	Deinococcus lacus	392561	Contig	0	1984641	1984641	Unknown	SAMN43283333	2024/10/06 00:00	Unknown	0.74	GCA_042661385.1_ASM4266138v1_genomic.fna.gz
GCA_042661345.1	GCA_042661345.1	ASM4266134v1	Deinococcus radiopugnans (bacteria)	Unknown	Deinococcus radiopugnans	57497	Contig	0	3487944	3487944	Unknown	SAMN43283342	2024/10/06 00:00	Unknown	1.3	GCA_042661345.1_ASM4266134v1_genomic.fna.gz
GCA_020546785.1	GCA_020546785.1	ASM2054678v1	Deinococcus radiodurans R1 = ATCC 13939 = DSM 20539 (bacteria)	Unknown	Deinococcus radiodurans	243230	Complete Genome	0	2645322	2645322	Unknown	SAMN11332820	2021/10/25 00:00	Unknown	0.89	GCA_020546785.1_ASM2054678v1_genomic.fna.gz
GCA_047529995.1	GCA_047529995.1	ASM4752999v1	Deinococcus sp. A31D244 (bacteria)	Unknown	Deinococcus sp. A31D244	3397675	Contig	0	105132	105132	Unknown	SAMN46524647	2025/02/09 00:00	Unknown	1.21	GCA_047529995.1_ASM4752999v1_genomic.fna.gz
GCA_031454215.1	GCA_031454215.1	ASM3145421v1	Deinococcus soli (ex Cha et al. 2016) (bacteria)	Unknown	Deinococcus soli (ex Cha et al. 2016)	1309411	Contig	0	333367	333367	Unknown	SAMN35309397	2023/09/13 00:00	Unknown	2.49	GCA_031454215.1_ASM3145421v1_genomic.fna.gz
GCA_001644565.1	GCA_001644565.1	ASM164456v1	Deinococcus puniceus (bacteria)	Unknown	Deinococcus puniceus	1182568	Complete Genome	0	2971983	2971983	Unknown	SAMN03285365	2016/05/16 00:00	Unknown	0.83	GCA_001644565.1_ASM164456v1_genomic.fna.gz
GCA_039544935.1	GCA_039544935.1	ASM3954493v1	Deinococcus caeni (bacteria)	Unknown	Deinococcus caeni	569127	Contig	0	74567	74567	Unknown	SAMD00539839	2024/03/26 00:00	Unknown	0.97	GCA_039544935.1_ASM3954493v1_genomic.fna.gz
GCA_016107335.1	GCA_016107335.1	ASM1610733v1	Deinococcus sp. DB0503 (bacteria)	Unknown	Deinococcus sp. DB0503	2479203	Contig	0	77012	77012	Unknown	SAMN10238755	2020/12/17 00:00	Unknown	1.72	GCA_016107335.1_ASM1610733v1_genomic.fna.gz
GCA_042661365.1	GCA_042661365.1	ASM4266136v1	Deinococcus multiflagellatus (bacteria)	Unknown	Deinococcus multiflagellatus	1656887	Contig	0	3601174	3601174	Unknown	SAMN43283337	2024/10/06 00:00	Unknown	1.35	GCA_042661365.1_ASM4266136v1_genomic.fna.gz
GCA_042661745.1	GCA_042661745.1	ASM4266174v1	Deinococcus caeni (bacteria)	Unknown	Deinococcus caeni	569127	Contig	0	3002002	3002002	Unknown	SAMN43283316	2024/10/06 00:00	Unknown	1.09	GCA_042661745.1_ASM4266174v1_genomic.fna.gz
GCA_023370075.1	GCA_023370075.1	ASM2337007v1	Deinococcus sp. QL22 (bacteria)	Unknown	Deinococcus sp. QL22	2939437	Complete Genome	0	3221140	3221140	Unknown	SAMN27928391	2022/05/15 00:00	Unknown	2.95	GCA_023370075.1_ASM2337007v1_genomic.fna.gz
GCA_050341015.1	GCA_050341015.1	ASM5034101v1	Deinococcus saxicola (bacteria)	Unknown	Deinococcus saxicola	249406	Contig	0	51453	51453	Unknown	SAMN47852723	2025/05/13 00:00	Unknown	1.27	GCA_050341015.1_ASM5034101v1_genomic.fna.gz
GCA_900176165.1	GCA_900176165.1	IMG-taxon 2509276064 annotated assembly	Deinococcus hopiensis KR-140 (bacteria)	Unknown	Deinococcus hopiensis	695939	Scaffold	0	535541	535541	Unknown	SAMN00790413	2017/04/07 00:00	Unknown	1.85	GCA_900176165.1_IMG-taxon_2509276064_annotated_assembly_genomic.fna.gz
GCA_045277105.1	GCA_045277105.1	KDR13939K_1.0	Deinococcus radiodurans R1 = ATCC 13939 = DSM 20539 (bacteria)	Unknown	Deinococcus radiodurans	243230	Complete Genome	0	2650014	2650014	Unknown	SAMN31235723	2024/11/26 00:00	Unknown	0.9	GCA_045277105.1_KDR13939K_1.0_genomic.fna.gz
GCA_002384255.1	GCA_002384255.1	ASM238425v1	Deinococcus geothermalis (bacteria)	Unknown	Deinococcus geothermalis	68909	Scaffold	0	52120	52120	Unknown	SAMN06457827	2017/09/28 00:00	Unknown	0.84	GCA_002384255.1_ASM238425v1_genomic.fna.gz
GCA_003217515.1	GCA_003217515.1	ASM321751v1	Deinococcus yavapaiensis KR-236 (bacteria)	Unknown	Deinococcus yavapaiensis	694435	Scaffold	0	211702	213630	Unknown	SAMN09064523	2018/06/12 00:00	Unknown	1.29	GCA_003217515.1_ASM321751v1_genomic.fna.gz
GCA_019693445.1	GCA_019693445.1	ASM1969344v1	Deinococcus aquaedulcis (bacteria)	Unknown	Deinococcus aquaedulcis	2840455	Contig	0	191581	191581	Unknown	SAMN19415663	2021/08/19 00:00	Unknown	2.25	GCA_019693445.1_ASM1969344v1_genomic.fna.gz
GCA_014875925.1	GCA_014875925.1	ASM1487592v1	Deinococcus wulumuqiensis R12 (bacteria)	Unknown	Deinococcus wulumuqiensis	1288484	Contig	0	3016002	3016002	Unknown	SAMN16242085	2020/10/10 00:00	Unknown	1.04	GCA_014875925.1_ASM1487592v1_genomic.fna.gz
GCA_028287665.1	GCA_028287665.1	ASM2828766v1	Deinococcus sp. (bacteria)	Unknown	Deinococcus sp.	47478	Contig	0	5937	5937	Unknown	SAMN17837428	2023/01/30 00:00	Unknown	0.8	GCA_028287665.1_ASM2828766v1_genomic.fna.gz
GCA_023489185.1	GCA_023489185.1	ASM2348918v1	Deinococcus sp. (bacteria)	Unknown	Deinococcus sp.	47478	Scaffold	0	5654	6069	Unknown	SAMN27868573	2022/05/18 00:00	Unknown	0.4	GCA_023489185.1_ASM2348918v1_genomic.fna.gz
GCA_043751895.1	GCA_043751895.1	ASM4375189v1	Deinococcus sp. (bacteria)	Unknown	Deinococcus sp.	47478	Contig	0	5617	5617	Unknown	SAMN39315588	2024/10/24 00:00	Unknown	1.09	GCA_043751895.1_ASM4375189v1_genomic.fna.gz
GCA_937934635.1	GCA_937934635.1	L2_Bin_Bin_64_1	uncultured Deinococcales bacterium (bacteria)	Unknown	uncultured Deinococcales bacterium	310703	Contig	0	6027	6027	Unknown	SAMEA14073359	2023/01/25 00:00	Unknown	0.67	GCA_937934635.1_L2_Bin_Bin_64_1_genomic.fna.gz
GCA_027405055.1	GCA_027405055.1	ASM2740505v1	Deinococcales bacterium (bacteria)	Unknown	Deinococcales bacterium	2478479	Contig	0	7527	7527	Unknown	SAMN28412077	2022/12/27 00:00	Unknown	0.46	GCA_027405055.1_ASM2740505v1_genomic.fna.gz
GCA_040255665.1	GCA_040255665.1	f__Deinococcaceae	Deinococcaceae bacterium (bacteria)	Unknown	Deinococcaceae bacterium	3079796	Scaffold	0	10197	10549	Unknown	SAMN41489606	2024/06/20 00:00	Unknown	0.89	GCA_040255665.1_f_Deinococcaceae_genomic.fna.gz
GCA_937924305.1	GCA_937924305.1	L3_Bin_Bin_188_1	uncultured Deinococcales bacterium (bacteria)	Unknown	uncultured Deinococcales bacterium	310703	Contig	0	6192	6192	Unknown	SAMEA14073408	2023/01/27 00:00	Unknown	0.95	GCA_937924305.1_L3_Bin_Bin_188_1_genomic.fna.gz
GCA_031391225.1	GCA_031391225.1	ASM3139122v1	Deinococcales bacterium (bacteria)	Unknown	Deinococcales bacterium	2478479	Contig	0	8598	8598	Unknown	SAMN29839112	2023/09/12 00:00	Unknown	2.53	GCA_031391225.1_ASM3139122v1_genomic.fna.gz
GCA_024138735.1	GCA_024138735.1	ASM2413873v1	Deinococcus radiodurans (bacteria)	Unknown	Deinococcus radiodurans	1299	Complete Genome	0	2647192	2647192	Unknown	SAMN26982794	2022/07/05 00:00	Unknown	0.9	GCA_024138735.1_ASM2413873v1_genomic.fna.gz
GCA_054037095.1	GCA_054037095.1	ASM5403709v1	Marinithermaceae bacterium (bacteria)	Unknown	Marinithermaceae bacterium	3121845	Contig	0	17558	17558	Unknown	SAMN49581859	2025/12/16 00:00	Unknown	0.56	GCA_054037095.1_ASM5403709v1_genomic.fna.gz
GCA_027405575.1	GCA_027405575.1	ASM2740557v1	Deinococcales bacterium (bacteria)	Unknown	Deinococcales bacterium	2478479	Contig	0	8689	8689	Unknown	SAMN28412052	2022/12/27 00:00	Unknown	0.6	GCA_027405575.1_ASM2740557v1_genomic.fna.gz
GCA_964247135.1	GCA_964247135.1	public_SRR11456923_metawrap_bin.2	uncultured Deinococcales bacterium (bacteria)	Unknown	uncultured Deinococcales bacterium	310703	Scaffold	0	17640	18424	Unknown	SAMEA115955033	2024/09/21 00:00	Unknown	2.51	GCA_964247135.1_public_SRR11456923_metawrap_bin.2_genomic.fna.gz
GCA_027405435.1	GCA_027405435.1	ASM2740543v1	Deinococcales bacterium (bacteria)	Unknown	Deinococcales bacterium	2478479	Scaffold	0	2234	2262	Unknown	SAMN28412061	2022/12/27 00:00	Unknown	0.44	GCA_027405435.1_ASM2740543v1_genomic.fna.gz
GCA_027405485.1	GCA_027405485.1	ASM2740548v1	Deinococcales bacterium (bacteria)	Unknown	Deinococcales bacterium	2478479	Contig	0	30966	30966	Unknown	SAMN28412055	2022/12/27 00:00	Unknown	0.63	GCA_027405485.1_ASM2740548v1_genomic.fna.gz
GCA_965261005.1	GCA_965261005.1	glCalLitt1.Deinococcus_sp_1.1	Deinococcus sp. (bacteria)	Unknown	Deinococcus sp.	47478	Complete Genome	0	2958559	2958559	Unknown	SAMEA117993940	2025/04/26 00:00	Unknown	0.9	GCA_965261005.1_glCalLitt1.Deinococcus_sp_1.1_genomic.fna.gz
GCA_041390515.1	GCA_041390515.1	ASM4139051v1	Deinococcales bacterium (bacteria)	Unknown	Deinococcales bacterium	2478479	Contig	0	217252	217252	Unknown	SAMN37790165	2024/08/20 00:00	Unknown	1.28	GCA_041390515.1_ASM4139051v1_genomic.fna.gz
GCA_027405455.1	GCA_027405455.1	ASM2740545v1	Deinococcales bacterium (bacteria)	Unknown	Deinococcales bacterium	2478479	Contig	0	103454	103454	Unknown	SAMN28412057	2022/12/27 00:00	Unknown	0.64	GCA_027405455.1_ASM2740545v1_genomic.fna.gz
GCA_964252075.1	GCA_964252075.1	public_SRR11456914_metawrap_bin.14	uncultured Deinococcaceae bacterium (bacteria)	Unknown	uncultured Deinococcaceae bacterium	310706	Scaffold	0	88309	100194	Unknown	SAMEA115955019	2024/09/21 00:00	Unknown	1.58	GCA_964252075.1_public_SRR11456914_metawrap_bin.14_genomic.fna.gz
GCA_027336165.1	GCA_027336165.1	ASM2733616v1	Deinococcales bacterium (bacteria)	Unknown	Deinococcales bacterium	2478479	Contig	0	116801	116801	Unknown	SAMN28405125	2022/12/27 00:00	Unknown	0.63	GCA_027336165.1_ASM2733616v1_genomic.fna.gz
GCA_043743925.1	GCA_043743925.1	ASM4374392v1	Deinococcales bacterium (bacteria)	Unknown	Deinococcales bacterium	2478479	Contig	0	6683	6683	Unknown	SAMN39314991	2024/10/24 00:00	Unknown	1.18	GCA_043743925.1_ASM4374392v1_genomic.fna.gz
GCA_054041925.1	GCA_054041925.1	ASM5404192v1	Marinithermaceae bacterium (bacteria)	Unknown	Marinithermaceae bacterium	3121845	Contig	0	37144	37144	Unknown	SAMN49581615	2025/12/16 00:00	Unknown	0.54	GCA_054041925.1_ASM5404192v1_genomic.fna.gz
GCA_031388325.1	GCA_031388325.1	ASM3138832v1	Deinococcales bacterium (bacteria)	Unknown	Deinococcales bacterium	2478479	Contig	0	5864	5864	Unknown	SAMN29838801	2023/09/12 00:00	Unknown	1.05	GCA_031388325.1_ASM3138832v1_genomic.fna.gz
GCA_027405155.1	GCA_027405155.1	ASM2740515v1	Deinococcales bacterium (bacteria)	Unknown	Deinococcales bacterium	2478479	Contig	0	103454	103454	Unknown	SAMN28412070	2022/12/27 00:00	Unknown	0.64	GCA_027405155.1_ASM2740515v1_genomic.fna.gz
GCA_963760135.1	GCA_963760135.1	MFD02581.bin.2.137	uncultured Deinococcaceae bacterium (bacteria)	Unknown	uncultured Deinococcaceae bacterium	310706	Contig	0	1380288	1380288	Unknown	SAMEA114812775	2025/01/21 00:00	Unknown	1.25	GCA_963760135.1_MFD02581.bin.2.137_genomic.fna.gz
GCA_043727655.1	GCA_043727655.1	ASM4372765v1	Deinococcales bacterium (bacteria)	Unknown	Deinococcales bacterium	2478479	Contig	0	4859	4859	Unknown	SAMN39314231	2024/10/24 00:00	Unknown	1.03	GCA_043727655.1_ASM4372765v1_genomic.fna.gz
GCA_027405085.1	GCA_027405085.1	ASM2740508v1	Deinococcales bacterium (bacteria)	Unknown	Deinococcales bacterium	2478479	Contig	0	66588	66588	Unknown	SAMN28412076	2022/12/27 00:00	Unknown	0.63	GCA_027405085.1_ASM2740508v1_genomic.fna.gz
GCA_963714515.1	GCA_963714515.1	MFD01275.bin.2.38	uncultured Deinococcaceae bacterium (bacteria)	Unknown	uncultured Deinococcaceae bacterium	310706	Contig	0	2687892	2687892	Unknown	SAMEA114810227	2025/01/19 00:00	Unknown	0.86	GCA_963714515.1_MFD01275.bin.2.38_genomic.fna.gz
GCA_031370845.1	GCA_031370845.1	ASM3137084v1	Deinococcales bacterium (bacteria)	Unknown	Deinococcales bacterium	2478479	Contig	0	5575	5575	Unknown	SAMN29838381	2023/09/12 00:00	Unknown	2.39	GCA_031370845.1_ASM3137084v1_genomic.fna.gz
GCA_031418155.1	GCA_031418155.1	ASM3141815v1	Deinococcales bacterium (bacteria)	Unknown	Deinococcales bacterium	2478479	Contig	0	9571	9571	Unknown	SAMN29839965	2023/09/12 00:00	Unknown	2.75	GCA_031418155.1_ASM3141815v1_genomic.fna.gz
GCA_031421715.1	GCA_031421715.1	ASM3142171v1	Deinococcus sp. (bacteria)	Unknown	Deinococcus sp.	47478	Contig	0	2270	2270	Unknown	SAMN29840167	2023/09/12 00:00	Unknown	0.89	GCA_031421715.1_ASM3142171v1_genomic.fna.gz
GCA_054017495.1	GCA_054017495.1	ASM5401749v1	Marinithermaceae bacterium (bacteria)	Unknown	Marinithermaceae bacterium	3121845	Contig	0	48712	48712	Unknown	SAMN49582682	2025/12/16 00:00	Unknown	0.53	GCA_054017495.1_ASM5401749v1_genomic.fna.gz
GCA_027405405.1	GCA_027405405.1	ASM2740540v1	Deinococcales bacterium (bacteria)	Unknown	Deinococcales bacterium	2478479	Contig	0	114486	114486	Unknown	SAMN28412059	2022/12/27 00:00	Unknown	0.63	GCA_027405405.1_ASM2740540v1_genomic.fna.gz
GCA_027405395.1	GCA_027405395.1	ASM2740539v1	Deinococcales bacterium (bacteria)	Unknown	Deinococcales bacterium	2478479	Contig	0	12176	12176	Unknown	SAMN28412060	2022/12/27 00:00	Unknown	0.61	GCA_027405395.1_ASM2740539v1_genomic.fna.gz
GCA_031364625.1	GCA_031364625.1	ASM3136462v1	Deinococcales bacterium (bacteria)	Unknown	Deinococcales bacterium	2478479	Contig	0	6155	6155	Unknown	SAMN29838153	2023/09/12 00:00	Unknown	1.41	GCA_031364625.1_ASM3136462v1_genomic.fna.gz
GCA_027405495.1	GCA_027405495.1	ASM2740549v1	Deinococcales bacterium (bacteria)	Unknown	Deinococcales bacterium	2478479	Contig	0	118255	118255	Unknown	SAMN28412058	2022/12/27 00:00	Unknown	1.13	GCA_027405495.1_ASM2740549v1_genomic.fna.gz
GCA_965249745.1	GCA_965249745.1	glEphLana1.Deinococcales_2.1	Deinococcales bacterium (bacteria)	Unknown	Deinococcales bacterium	2478479	Complete Genome	0	5085195	5085195	Unknown	SAMEA117994177	2025/04/17 00:00	Unknown	1.43	GCA_965249745.1_glEphLana1.Deinococcales_2.1_genomic.fna.gz
GCA_027405165.1	GCA_027405165.1	ASM2740516v1	Deinococcales bacterium (bacteria)	Unknown	Deinococcales bacterium	2478479	Contig	0	16272	16272	Unknown	SAMN28412073	2022/12/27 00:00	Unknown	0.62	GCA_027405165.1_ASM2740516v1_genomic.fna.gz
GCA_040255585.1	GCA_040255585.1	f__Deinococcaceae	Deinococcaceae bacterium (bacteria)	Unknown	Deinococcaceae bacterium	3079796	Scaffold	0	26068	32591	Unknown	SAMN41489609	2024/06/20 00:00	Unknown	0.88	GCA_040255585.1_f_Deinococcaceae_genomic.fna.gz
GCA_043778225.1	GCA_043778225.1	ASM4377822v1	Deinococcales bacterium (bacteria)	Unknown	Deinococcales bacterium	2478479	Contig	0	69081	69081	Unknown	SAMN39316373	2024/10/24 00:00	Unknown	1.14	GCA_043778225.1_ASM4377822v1_genomic.fna.gz
GCA_043777915.1	GCA_043777915.1	ASM4377791v1	Deinococcales bacterium (bacteria)	Unknown	Deinococcales bacterium	2478479	Contig	0	7042	7042	Unknown	SAMN39316341	2024/10/24 00:00	Unknown	1.22	GCA_043777915.1_ASM4377791v1_genomic.fna.gz
GCA_025351205.1	GCA_025351205.1	ASM2535120v1	Deinococcus sp. (bacteria)	Unknown	Deinococcus sp.	47478	Contig	0	8936	8936	Unknown	SAMN30205827	2022/09/21 00:00	Unknown	1.53	GCA_025351205.1_ASM2535120v1_genomic.fna.gz
GCA_046289535.1	GCA_046289535.1	ASM4628953v1	Deinococcales bacterium (bacteria)	Unknown	Deinococcales bacterium	2478479	Scaffold	0	11366	12058	Unknown	SAMN45833181	2024/12/25 00:00	Unknown	0.67	GCA_046289535.1_ASM4628953v1_genomic.fna.gz
GCA_037381505.1	GCA_037381505.1	ASM3738150v1	Deinococcales bacterium (bacteria)	Unknown	Deinococcales bacterium	2478479	Scaffold	0	10639	10920	Unknown	SAMN33973640	2024/03/19 00:00	Unknown	0.9	GCA_037381505.1_ASM3738150v1_genomic.fna.gz
GCA_003516665.1	GCA_003516665.1	ASM351666v1	Deinococcus radiodurans (bacteria)	Unknown	Deinococcus radiodurans	1299	Scaffold	0	9339	12426	Unknown	SAMN08019568	2018/09/10 00:00	Unknown	0.66	GCA_003516665.1_ASM351666v1_genomic.fna.gz
GCA_027405265.1	GCA_027405265.1	ASM2740526v1	Deinococcales bacterium (bacteria)	Unknown	Deinococcales bacterium	2478479	Contig	0	113964	113964	Unknown	SAMN28412065	2022/12/27 00:00	Unknown	0.63	GCA_027405265.1_ASM2740526v1_genomic.fna.gz
GCA_025352125.1	GCA_025352125.1	ASM2535212v1	Deinococcales bacterium (bacteria)	Unknown	Deinococcales bacterium	2478479	Contig	0	81049	81049	Unknown	SAMN30205685	2022/09/21 00:00	Unknown	2.08	GCA_025352125.1_ASM2535212v1_genomic.fna.gz
GCA_036261475.1	GCA_036261475.1	ASM3626147v1	Deinococcales bacterium (bacteria)	Unknown	Deinococcales bacterium	2478479	Contig	0	3156	3156	Unknown	SAMN37955561	2024/01/29 00:00	Unknown	0.61	GCA_036261475.1_ASM3626147v1_genomic.fna.gz
GCA_027405315.1	GCA_027405315.1	ASM2740531v1	Deinococcales bacterium (bacteria)	Unknown	Deinococcales bacterium	2478479	Contig	0	113455	113455	Unknown	SAMN28412067	2022/12/27 00:00	Unknown	0.63	GCA_027405315.1_ASM2740531v1_genomic.fna.gz
GCA_031424745.1	GCA_031424745.1	ASM3142474v1	Deinococcales bacterium (bacteria)	Unknown	Deinococcales bacterium	2478479	Contig	0	2896	2896	Unknown	SAMN29840441	2023/09/12 00:00	Unknown	2.6	GCA_031424745.1_ASM3142474v1_genomic.fna.gz
GCA_016199255.1	GCA_016199255.1	ASM1619925v1	Deinococcus sp. (bacteria)	Unknown	Deinococcus sp.	47478	Contig	0	5239	5239	Unknown	SAMN15435726	2020/12/21 00:00	Unknown	0.58	GCA_016199255.1_ASM1619925v1_genomic.fna.gz
GCA_043749045.1	GCA_043749045.1	ASM4374904v1	Deinococcus sp. (bacteria)	Unknown	Deinococcus sp.	47478	Contig	0	5648	5648	Unknown	SAMN39315178	2024/10/24 00:00	Unknown	0.88	GCA_043749045.1_ASM4374904v1_genomic.fna.gz
GCA_054030275.1	GCA_054030275.1	ASM5403027v1	Marinithermaceae bacterium (bacteria)	Unknown	Marinithermaceae bacterium	3121845	Contig	0	19813	19813	Unknown	SAMN49583742	2025/12/16 00:00	Unknown	0.66	GCA_054030275.1_ASM5403027v1_genomic.fna.gz
GCA_018260275.1	GCA_018260275.1	ASM1826027v1	Deinococcus sp. (bacteria)	Unknown	Deinococcus sp.	47478	Scaffold	0	10934	11262	Unknown	SAMN18543085	2021/05/04 00:00	Unknown	0.81	GCA_018260275.1_ASM1826027v1_genomic.fna.gz
GCA_964249865.1	GCA_964249865.1	public_SRR11456914_metawrap_bin.22	uncultured Deinococcus sp. (bacteria)	Unknown	uncultured Deinococcus sp.	158789	Scaffold	0	3069	4068	Unknown	SAMEA115955333	2024/09/21 00:00	Unknown	1.94	GCA_964249865.1_public_SRR11456914_metawrap_bin.22_genomic.fna.gz
GCA_035301525.1	GCA_035301525.1	ASM3530152v1	Deinococcales bacterium (bacteria)	Unknown	Deinococcales bacterium	2478479	Contig	0	2311	2311	Unknown	SAMN37957290	2024/01/09 00:00	Unknown	0.44	GCA_035301525.1_ASM3530152v1_genomic.fna.gz
GCA_964244895.1	GCA_964244895.1	public_SRR11456923_metawrap_bin.5	uncultured Deinococcales bacterium (bacteria)	Unknown	uncultured Deinococcales bacterium	310703	Scaffold	0	18320	21964	Unknown	SAMEA115955034	2024/09/21 00:00	Unknown	1.42	GCA_964244895.1_public_SRR11456923_metawrap_bin.5_genomic.fna.gz
GCA_040399085.1	GCA_040399085.1	ASM4039908v1	Deinococcus grandis (bacteria)	Unknown	Deinococcus grandis	57498	Scaffold	0	4197	4488	Unknown	SAMN40135978	2024/06/27 00:00	Unknown	0.94	GCA_040399085.1_ASM4039908v1_genomic.fna.gz
GCA_054022615.1	GCA_054022615.1	ASM5402261v1	Marinithermaceae bacterium (bacteria)	Unknown	Marinithermaceae bacterium	3121845	Contig	0	19612	19612	Unknown	SAMN49583107	2025/12/16 00:00	Unknown	0.52	GCA_054022615.1_ASM5402261v1_genomic.fna.gz
GCA_013298595.1	GCA_013298595.1	ASM1329859v1	Deinococcales bacterium (bacteria)	Unknown	Deinococcales bacterium	2478479	Scaffold	0	84046	111907	Unknown	SAMN12754377	2020/06/08 00:00	Unknown	1.3	GCA_013298595.1_ASM1329859v1_genomic.fna.gz
GCA_022451455.1	GCA_022451455.1	ASM2245145v1	Deinococcales bacterium (bacteria)	Unknown	Deinococcales bacterium	2478479	Scaffold	0	13319	16402	Unknown	SAMN25998991	2022/03/02 00:00	Unknown	0.58	GCA_022451455.1_ASM2245145v1_genomic.fna.gz
GCA_027405475.1	GCA_027405475.1	ASM2740547v1	Deinococcales bacterium (bacteria)	Unknown	Deinococcales bacterium	2478479	Contig	0	113455	113455	Unknown	SAMN28412056	2022/12/27 00:00	Unknown	0.63	GCA_027405475.1_ASM2740547v1_genomic.fna.gz
GCA_966212165.1	GCA_966212165.1	SRR18156210_concoct_6	uncultured Deinococcus sp. (bacteria)	Unknown	uncultured Deinococcus sp.	158789	Contig	0	4450	4450	Unknown	SAMEA118920244	2025/08/22 00:00	Unknown	0.81	GCA_966212165.1_SRR18156210_concoct_6_genomic.fna.gz
GCA_037386005.1	GCA_037386005.1	ASM3738600v1	Deinococcales bacterium (bacteria)	Unknown	Deinococcales bacterium	2478479	Scaffold	0	19270	23190	Unknown	SAMN33973531	2024/03/19 00:00	Unknown	0.96	GCA_037386005.1_ASM3738600v1_genomic.fna.gz
GCA_027405355.1	GCA_027405355.1	ASM2740535v1	Deinococcales bacterium (bacteria)	Unknown	Deinococcales bacterium	2478479	Contig	0	51587	51587	Unknown	SAMN28412062	2022/12/27 00:00	Unknown	0.62	GCA_027405355.1_ASM2740535v1_genomic.fna.gz
GCA_009177165.1	GCA_009177165.1	ASM917716v1	Deinococcus grandis (bacteria)	Unknown	Deinococcus grandis	57498	Complete Genome	0	3241502	3241502	Unknown	SAMD00184884	2019/09/27 00:00	Unknown	1.08	GCA_009177165.1_ASM917716v1_genomic.fna.gz
GCA_027405255.1	GCA_027405255.1	ASM2740525v1	Deinococcales bacterium (bacteria)	Unknown	Deinococcales bacterium	2478479	Contig	0	96492	96492	Unknown	SAMN28412068	2022/12/27 00:00	Unknown	0.64	GCA_027405255.1_ASM2740525v1_genomic.fna.gz
GCA_943914005.1	GCA_943914005.1	cAWq9iR8AZ_bin.65.MAG	uncultured Deinococcus sp. (bacteria)	Unknown	uncultured Deinococcus sp.	158789	Contig	0	2983	2983	Unknown	SAMEA110089362	2022/06/16 00:00	Unknown	0.57	GCA_943914005.1_cAWq9iR8AZ_bin.65.MAG_genomic.fna.gz
GCA_027405205.1	GCA_027405205.1	ASM2740520v1	Deinococcales bacterium (bacteria)	Unknown	Deinococcales bacterium	2478479	Contig	0	104309	104309	Unknown	SAMN28412069	2022/12/27 00:00	Unknown	0.6	GCA_027405205.1_ASM2740520v1_genomic.fna.gz
GCA_018260375.1	GCA_018260375.1	ASM1826037v1	Deinococcus sp. (bacteria)	Unknown	Deinococcus sp.	47478	Scaffold	0	13409	16966	Unknown	SAMN18543080	2021/05/04 00:00	Unknown	0.7	GCA_018260375.1_ASM1826037v1_genomic.fna.gz
GCA_027405095.1	GCA_027405095.1	ASM2740509v1	Deinococcales bacterium (bacteria)	Unknown	Deinococcales bacterium	2478479	Contig	0	23022	23022	Unknown	SAMN28412075	2022/12/27 00:00	Unknown	0.62	GCA_027405095.1_ASM2740509v1_genomic.fna.gz
GCA_043737655.1	GCA_043737655.1	ASM4373765v1	Deinococcales bacterium (bacteria)	Unknown	Deinococcales bacterium	2478479	Contig	0	4504	4504	Unknown	SAMN39314703	2024/10/24 00:00	Unknown	1.22	GCA_043737655.1_ASM4373765v1_genomic.fna.gz
GCA_943327755.2	GCA_943327755.2	HRSG-E7-bin-74	Deinococcus hopiensis KR-140 (bacteria)	Unknown	Deinococcus hopiensis	695939	Contig	0	92257	92257	Unknown	SAMEA14434668	2023/04/23 00:00	Unknown	2.13	GCA_943327755.2_HRSG-E7-bin-74_genomic.fna.gz
GCA_913775565.1	GCA_913775565.1	SP29_1_metabat2_genome_mining.10_sub	uncultured Deinococcus sp. (bacteria)	Unknown	uncultured Deinococcus sp.	158789	Contig	0	7301	7301	Unknown	SAMEA8943975	2021/11/12 00:00	Unknown	0.77	GCA_913775565.1_SP29_1_metabat2_genome_mining.10_sub_genomic.fna.gz
GCA_038329415.1	GCA_038329415.1	ASM3832941v1	Deinococcales bacterium (bacteria)	Unknown	Deinococcales bacterium	2478479	Contig	0	4495	4495	Unknown	SAMN40019709	2024/04/16 00:00	Unknown	0.88	GCA_038329415.1_ASM3832941v1_genomic.fna.gz
GCA_023382135.1	GCA_023382135.1	ASM2338213v1	Deinococcus sp. (bacteria)	Unknown	Deinococcus sp.	47478	Scaffold	0	9039	9854	Unknown	SAMN27868098	2022/05/17 00:00	Unknown	0.5	GCA_023382135.1_ASM2338213v1_genomic.fna.gz
GCA_044506245.1	GCA_044506245.1	ASM4450624v1	Deinococcaceae bacterium (bacteria)	Unknown	Deinococcaceae bacterium	3079796	Scaffold	0	48949	58259	Unknown	SAMN43946676	2024/11/05 00:00	Unknown	0.58	GCA_044506245.1_ASM4450624v1_genomic.fna.gz
GCA_046327935.1	GCA_046327935.1	ASM4632793v1	Deinococcaceae bacterium (bacteria)	Unknown	Deinococcaceae bacterium	3079796	Contig	0	1463913	1463913	Unknown	SAMN37623720	2024/12/26 00:00	Unknown	0.65	GCA_046327935.1_ASM4632793v1_genomic.fna.gz
GCA_031414595.1	GCA_031414595.1	ASM3141459v1	Deinococcales bacterium (bacteria)	Unknown	Deinococcales bacterium	2478479	Contig	0	64482	64482	Unknown	SAMN29839909	2023/09/12 00:00	Unknown	2.4	GCA_031414595.1_ASM3141459v1_genomic.fna.gz
GCA_031369305.1	GCA_031369305.1	ASM3136930v1	Deinococcales bacterium (bacteria)	Unknown	Deinococcales bacterium	2478479	Contig	0	6967	6967	Unknown	SAMN29838449	2023/09/12 00:00	Unknown	2.26	GCA_031369305.1_ASM3136930v1_genomic.fna.gz
GCA_043775825.1	GCA_043775825.1	ASM4377582v1	Deinococcales bacterium (bacteria)	Unknown	Deinococcales bacterium	2478479	Contig	0	37294	37294	Unknown	SAMN39316137	2024/10/24 00:00	Unknown	1.28	GCA_043775825.1_ASM4377582v1_genomic.fna.gz
GCA_964011145.1	GCA_964011145.1	ERR594298_binner12_Refined_75	uncultured Deinococcales bacterium (bacteria)	Unknown	uncultured Deinococcales bacterium	310703	Contig	0	161300	161300	Unknown	SAMEA115421514	2024/03/21 00:00	Unknown	0.61	GCA_964011145.1_ERR594298_binner12_Refined_75_genomic.fna.gz
GCA_037386155.1	GCA_037386155.1	ASM3738615v1	Deinococcales bacterium (bacteria)	Unknown	Deinococcales bacterium	2478479	Scaffold	0	6434	6789	Unknown	SAMN33973529	2024/03/19 00:00	Unknown	0.82	GCA_037386155.1_ASM3738615v1_genomic.fna.gz
GCA_027405365.1	GCA_027405365.1	ASM2740536v1	Deinococcales bacterium (bacteria)	Unknown	Deinococcales bacterium	2478479	Contig	0	33569	33569	Unknown	SAMN28412063	2022/12/27 00:00	Unknown	0.63	GCA_027405365.1_ASM2740536v1_genomic.fna.gz
GCA_963760145.1	GCA_963760145.1	MFD02581.bin.2.145	uncultured Deinococcaceae bacterium (bacteria)	Unknown	uncultured Deinococcaceae bacterium	310706	Contig	0	166023	166023	Unknown	SAMEA114812781	2025/01/18 00:00	Unknown	0.8	GCA_963760145.1_MFD02581.bin.2.145_genomic.fna.gz
GCA_040399025.1	GCA_040399025.1	ASM4039902v1	Deinococcus sp. (bacteria)	Unknown	Deinococcus sp.	47478	Scaffold	0	4471	5259	Unknown	SAMN40135980	2024/06/27 00:00	Unknown	0.89	GCA_040399025.1_ASM4039902v1_genomic.fna.gz
GCA_027447585.1	GCA_027447585.1	ASM2744758v1	Deinococcales bacterium (bacteria)	Unknown	Deinococcales bacterium	2478479	Contig	0	68782	68782	Unknown	SAMN28929223	2022/12/27 00:00	Unknown	0.62	GCA_027447585.1_ASM2744758v1_genomic.fna.gz
GCA_013298185.1	GCA_013298185.1	ASM1329818v1	Deinococcales bacterium (bacteria)	Unknown	Deinococcales bacterium	2478479	Scaffold	0	14397	15117	Unknown	SAMN12754378	2020/06/08 00:00	Unknown	1.24	GCA_013298185.1_ASM1329818v1_genomic.fna.gz
GCA_038327475.1	GCA_038327475.1	ASM3832747v1	Deinococcales bacterium (bacteria)	Unknown	Deinococcales bacterium	2478479	Contig	0	4211	4211	Unknown	SAMN40019758	2024/04/16 00:00	Unknown	0.77	GCA_038327475.1_ASM3832747v1_genomic.fna.gz
GCA_041390485.1	GCA_041390485.1	ASM4139048v1	Deinococcales bacterium (bacteria)	Unknown	Deinococcales bacterium	2478479	Contig	0	49172	49172	Unknown	SAMN37790166	2024/08/20 00:00	Unknown	0.79	GCA_041390485.1_ASM4139048v1_genomic.fna.gz
GCA_027405175.1	GCA_027405175.1	ASM2740517v1	Deinococcales bacterium (bacteria)	Unknown	Deinococcales bacterium	2478479	Contig	0	113714	113714	Unknown	SAMN28412072	2022/12/27 00:00	Unknown	1.16	GCA_027405175.1_ASM2740517v1_genomic.fna.gz
GCA_043730305.1	GCA_043730305.1	ASM4373030v1	Deinococcales bacterium (bacteria)	Unknown	Deinococcales bacterium	2478479	Contig	0	9830	9830	Unknown	SAMN39314402	2024/10/24 00:00	Unknown	1.2	GCA_043730305.1_ASM4373030v1_genomic.fna.gz
GCA_913777205.1	GCA_913777205.1	maxbin_SP71_2.012	uncultured Deinococcus sp. (bacteria)	Unknown	uncultured Deinococcus sp.	158789	Contig	0	3901	3901	Unknown	SAMEA8943984	2021/08/25 00:00	Unknown	0.9	GCA_913777205.1_maxbin_SP71_2.012_genomic.fna.gz
GCA_037386085.1	GCA_037386085.1	ASM3738608v1	Deinococcales bacterium (bacteria)	Unknown	Deinococcales bacterium	2478479	Scaffold	0	15598	18084	Unknown	SAMN33973530	2024/03/19 00:00	Unknown	0.87	GCA_037386085.1_ASM3738608v1_genomic.fna.gz
GCA_027405285.1	GCA_027405285.1	ASM2740528v1	Deinococcales bacterium (bacteria)	Unknown	Deinococcales bacterium	2478479	Contig	0	117129	117129	Unknown	SAMN28412066	2022/12/27 00:00	Unknown	0.63	GCA_027405285.1_ASM2740528v1_genomic.fna.gz
GCA_030524065.1	GCA_030524065.1	ASM3052406v1	Deinococcus sp. (bacteria)	Unknown	Deinococcus sp.	47478	Scaffold	0	5536	6919	Unknown	SAMN36400360	2023/07/24 00:00	Unknown	0.61	GCA_030524065.1_ASM3052406v1_genomic.fna.gz
GCA_053488535.1	GCA_053488535.1	ASM5348853v1	Deinococcales bacterium (bacteria)	Unknown	Deinococcales bacterium	2478479	Contig	0	24351	24351	Unknown	SAMN51250644	2025/11/14 00:00	Unknown	1.03	GCA_053488535.1_ASM5348853v1_genomic.fna.gz
GCA_035553655.1	GCA_035553655.1	ASM3555365v1	Deinococcales bacterium (bacteria)	Unknown	Deinococcales bacterium	2478479	Contig	0	4014	4014	Unknown	SAMN37942983	2024/01/11 00:00	Unknown	0.56	GCA_035553655.1_ASM3555365v1_genomic.fna.gz
GCA_936934105.1	GCA_936934105.1	SRR3184876_bin.21_CONCOCT_v1.1_MAG	uncultured Deinococcus sp. (bacteria)	Unknown	uncultured Deinococcus sp.	158789	Contig	0	1910	1910	Unknown	SAMEA13902883	2023/01/09 00:00	Unknown	0.38	GCA_936934105.1_SRR3184876_bin.21_CONCOCT_v1.1_MAG_genomic.fna.gz
GCA_966212535.1	GCA_966212535.1	SRR18156201_concoct_25	Deinococcus ficus (bacteria)	Unknown	Deinococcus ficus	317577	Contig	0	2570	2570	Unknown	SAMEA118920285	2025/08/22 00:00	Unknown	0.63	GCA_966212535.1_SRR18156201_concoct_25_genomic.fna.gz
GCA_038231855.1	GCA_038231855.1	ASM3823185v1	Deinococcales bacterium (bacteria)	Unknown	Deinococcales bacterium	2478479	Contig	0	3797	3797	Unknown	SAMN40029923	2024/04/16 00:00	Unknown	2.53	GCA_038231855.1_ASM3823185v1_genomic.fna.gz
GCA_044507975.1	GCA_044507975.1	ASM4450797v1	Deinococcaceae bacterium (bacteria)	Unknown	Deinococcaceae bacterium	3079796	Scaffold	0	12642	15448	Unknown	SAMN43946619	2024/11/05 00:00	Unknown	0.72	GCA_044507975.1_ASM4450797v1_genomic.fna.gz
GCA_027405075.1	GCA_027405075.1	ASM2740507v1	Deinococcales bacterium (bacteria)	Unknown	Deinococcales bacterium	2478479	Contig	0	25152	25152	Unknown	SAMN28412078	2022/12/27 00:00	Unknown	0.59	GCA_027405075.1_ASM2740507v1_genomic.fna.gz
GCA_043756345.1	GCA_043756345.1	ASM4375634v1	Deinococcales bacterium (bacteria)	Unknown	Deinococcales bacterium	2478479	Contig	0	5176	5176	Unknown	SAMN39315430	2024/10/24 00:00	Unknown	1.18	GCA_043756345.1_ASM4375634v1_genomic.fna.gz
GCA_027405065.1	GCA_027405065.1	ASM2740506v1	Deinococcales bacterium (bacteria)	Unknown	Deinococcales bacterium	2478479	Scaffold	0	5625	6148	Unknown	SAMN28412074	2022/12/27 00:00	Unknown	0.58	GCA_027405065.1_ASM2740506v1_genomic.fna.gz
GCA_054021775.1	GCA_054021775.1	ASM5402177v1	Marinithermaceae bacterium (bacteria)	Unknown	Marinithermaceae bacterium	3121845	Contig	0	10523	10523	Unknown	SAMN49583134	2025/12/16 00:00	Unknown	0.51	GCA_054021775.1_ASM5402177v1_genomic.fna.gz
GCA_014378225.1	GCA_014378225.1	ASM1437822v1	Deinococcales bacterium (bacteria)	Unknown	Deinococcales bacterium	2478479	Contig	0	5406	5406	Unknown	SAMN14819141	2020/09/01 00:00	Unknown	0.55	GCA_014378225.1_ASM1437822v1_genomic.fna.gz
GCA_044508445.1	GCA_044508445.1	ASM4450844v1	Deinococcaceae bacterium (bacteria)	Unknown	Deinococcaceae bacterium	3079796	Scaffold	0	54558	105559	Unknown	SAMN43946593	2024/11/05 00:00	Unknown	0.8	GCA_044508445.1_ASM4450844v1_genomic.fna.gz
GCA_044508425.1	GCA_044508425.1	ASM4450842v1	Deinococcaceae bacterium (bacteria)	Unknown	Deinococcaceae bacterium	3079796	Scaffold	0	20505	49664	Unknown	SAMN43946596	2024/11/05 00:00	Unknown	0.81	GCA_044508425.1_ASM4450842v1_genomic.fna.gz
GCA_031428875.1	GCA_031428875.1	ASM3142887v1	Deinococcus sp. (bacteria)	Unknown	Deinococcus sp.	47478	Contig	0	2107	2107	Unknown	SAMN29840686	2023/09/12 00:00	Unknown	0.91	GCA_031428875.1_ASM3142887v1_genomic.fna.gz
GCA_043727435.1	GCA_043727435.1	ASM4372743v1	Deinococcus sp. (bacteria)	Unknown	Deinococcus sp.	47478	Contig	0	12763	12763	Unknown	SAMN39314234	2024/10/24 00:00	Unknown	0.83	GCA_043727435.1_ASM4372743v1_genomic.fna.gz
GCA_025359705.1	GCA_025359705.1	ASM2535970v1	Deinococcales bacterium (bacteria)	Unknown	Deinococcales bacterium	2478479	Contig	0	6594	6594	Unknown	SAMN30205712	2022/09/21 00:00	Unknown	0.99	GCA_025359705.1_ASM2535970v1_genomic.fna.gz
GCA_965651805.1	GCA_965651805.1	SRR17295758_concoct_91	uncultured Deinococcales bacterium (bacteria)	Unknown	uncultured Deinococcales bacterium	310703	Contig	0	3096	3096	Unknown	SAMEA118817585	2025/07/31 00:00	Unknown	0.45	GCA_965651805.1_SRR17295758_concoct_91_genomic.fna.gz
GCA_963783475.1	GCA_963783475.1	MFD02832.bin.1.184	uncultured Deinococcaceae bacterium (bacteria)	Unknown	uncultured Deinococcaceae bacterium	310706	Contig	0	412389	412389	Unknown	SAMEA114813095	2025/01/19 00:00	Unknown	1.0	GCA_963783475.1_MFD02832.bin.1.184_genomic.fna.gz
GCA_044506545.1	GCA_044506545.1	ASM4450654v1	Deinococcaceae bacterium (bacteria)	Unknown	Deinococcaceae bacterium	3079796	Scaffold	0	23273	40847	Unknown	SAMN43946667	2024/11/05 00:00	Unknown	0.82	GCA_044506545.1_ASM4450654v1_genomic.fna.gz
GCA_002450405.1	GCA_002450405.1	ASM245040v1	Deinococcaceae bacterium UBA6957 (bacteria)	Unknown	Deinococcaceae bacterium UBA6957	1951642	Scaffold	0	59051	150560	Unknown	SAMN06450359	2017/10/05 00:00	Unknown	0.58	GCA_002450405.1_ASM245040v1_genomic.fna.gz
GCA_937924455.1	GCA_937924455.1	L1_Bin_MAXBIN__049_sub_1	uncultured Deinococcales bacterium (bacteria)	Unknown	uncultured Deinococcales bacterium	310703	Contig	0	6144	6144	Unknown	SAMEA14073273	2023/01/25 00:00	Unknown	0.82	GCA_937924455.1_L1_Bin_MAXBIN_049_sub_1_genomic.fna.gz
GCA_043732285.1	GCA_043732285.1	ASM4373228v1	Deinococcus sp. (bacteria)	Unknown	Deinococcus sp.	47478	Contig	0	2599	2599	Unknown	SAMN39314540	2024/10/24 00:00	Unknown	1.17	GCA_043732285.1_ASM4373228v1_genomic.fna.gz
GCA_943914785.1	GCA_943914785.1	5nQa8I690Q_bin.2.MAG	uncultured Deinococcus sp. (bacteria)	Unknown	uncultured Deinococcus sp.	158789	Contig	0	11460	11460	Unknown	SAMEA110089347	2022/06/15 00:00	Unknown	0.53	GCA_943914785.1_5nQa8I690Q_bin.2.MAG_genomic.fna.gz
GCA_038234995.1	GCA_038234995.1	ASM3823499v1	Deinococcales bacterium (bacteria)	Unknown	Deinococcales bacterium	2478479	Contig	0	3223	3223	Unknown	SAMN40201955	2024/04/16 00:00	Unknown	2.14	GCA_038234995.1_ASM3823499v1_genomic.fna.gz
GCA_963732505.1	GCA_963732505.1	MFD04651.bin.3.7	uncultured Deinococcales bacterium (bacteria)	Unknown	uncultured Deinococcales bacterium	310703	Contig	0	109542	109542	Unknown	SAMEA114818191	2025/01/19 00:00	Unknown	0.91	GCA_963732505.1_MFD04651.bin.3.7_genomic.fna.gz
GCA_946222295.1	GCA_946222295.1	EJv1NizNR1_bin.64.MAG	uncultured Deinococcus sp. (bacteria)	Unknown	uncultured Deinococcus sp.	158789	Contig	0	2031	2031	Unknown	SAMEA110089195	2022/09/12 00:00	Unknown	0.73	GCA_946222295.1_EJv1NizNR1_bin.64.MAG_genomic.fna.gz
GCA_938038395.1	GCA_938038395.1	R2_Bin_Bin_39_1	uncultured Deinococcales bacterium (bacteria)	Unknown	uncultured Deinococcales bacterium	310703	Contig	0	7485	7485	Unknown	SAMEA14073945	2023/01/28 00:00	Unknown	1.9	GCA_938038395.1_R2_Bin_Bin_39_1_genomic.fna.gz
GCA_040399165.1	GCA_040399165.1	ASM4039916v1	Deinococcus grandis (bacteria)	Unknown	Deinococcus grandis	57498	Scaffold	0	4316	5738	Unknown	SAMN40135979	2024/06/27 00:00	Unknown	2.46	GCA_040399165.1_ASM4039916v1_genomic.fna.gz
GCA_050999575.1	GCA_050999575.1	ASM5099957v1	Deinococcus sp. (bacteria)	Unknown	Deinococcus sp.	47478	Contig	0	2200	2200	Unknown	SAMN48920892	2025/06/18 00:00	Unknown	0.52	GCA_050999575.1_ASM5099957v1_genomic.fna.gz
GCA_027447625.1	GCA_027447625.1	ASM2744762v1	Deinococcales bacterium (bacteria)	Unknown	Deinococcales bacterium	2478479	Contig	0	7933	7933	Unknown	SAMN28929224	2022/12/27 00:00	Unknown	0.46	GCA_027447625.1_ASM2744762v1_genomic.fna.gz
GCA_964277965.1	GCA_964277965.1	SP89_1_metabat2_genome_mining.23_sub	uncultured Deinococcus sp. (bacteria)	Unknown	uncultured Deinococcus sp.	158789	Contig	0	4921	4921	Unknown	SAMEA8943961	2024/10/19 00:00	Unknown	0.53	GCA_964277965.1_SP89_1_metabat2_genome_mining.23_sub_genomic.fna.gz
GCA_054025095.1	GCA_054025095.1	ASM5402509v1	Marinithermaceae bacterium (bacteria)	Unknown	Marinithermaceae bacterium	3121845	Contig	0	20093	20093	Unknown	SAMN49583013	2025/12/16 00:00	Unknown	0.5	GCA_054025095.1_ASM5402509v1_genomic.fna.gz
GCA_027405525.1	GCA_027405525.1	ASM2740552v1	Deinococcales bacterium (bacteria)	Unknown	Deinococcales bacterium	2478479	Contig	0	40096	40096	Unknown	SAMN28412054	2022/12/27 00:00	Unknown	0.62	GCA_027405525.1_ASM2740552v1_genomic.fna.gz
GCA_025359505.1	GCA_025359505.1	ASM2535950v1	Deinococcales bacterium (bacteria)	Unknown	Deinococcales bacterium	2478479	Contig	0	47110	47110	Unknown	SAMN30205841	2022/09/21 00:00	Unknown	2.03	GCA_025359505.1_ASM2535950v1_genomic.fna.gz
GCA_054006515.1	GCA_054006515.1	ASM5400651v1	Marinithermaceae bacterium (bacteria)	Unknown	Marinithermaceae bacterium	3121845	Contig	0	25925	25925	Unknown	SAMN49583515	2025/12/16 00:00	Unknown	0.55	GCA_054006515.1_ASM5400651v1_genomic.fna.gz
GCA_012515535.1	GCA_012515535.1	ASM1251553v1	Deinococcales bacterium (bacteria)	Unknown	Deinococcales bacterium	2478479	Contig	0	21597	21597	Unknown	SAMN13894418	2020/04/17 00:00	Unknown	0.65	GCA_012515535.1_ASM1251553v1_genomic.fna.gz
GCA_031361345.1	GCA_031361345.1	ASM3136134v1	Deinococcus sp. (bacteria)	Unknown	Deinococcus sp.	47478	Contig	0	4055	4055	Unknown	SAMN29837998	2023/09/12 00:00	Unknown	0.99	GCA_031361345.1_ASM3136134v1_genomic.fna.gz
GCA_027405195.1	GCA_027405195.1	ASM2740519v1	Deinococcales bacterium (bacteria)	Unknown	Deinococcales bacterium	2478479	Contig	0	108725	108725	Unknown	SAMN28412071	2022/12/27 00:00	Unknown	0.63	GCA_027405195.1_ASM2740519v1_genomic.fna.gz
GCA_963837785.1	GCA_963837785.1	MFD01299.bin.3.141	uncultured Deinococcaceae bacterium (bacteria)	Unknown	uncultured Deinococcaceae bacterium	310706	Contig	0	72978	72978	Unknown	SAMEA114810429	2025/01/18 00:00	Unknown	0.69	GCA_963837785.1_MFD01299.bin.3.141_genomic.fna.gz
GCA_027405325.1	GCA_027405325.1	ASM2740532v1	Deinococcales bacterium (bacteria)	Unknown	Deinococcales bacterium	2478479	Contig	0	24397	24397	Unknown	SAMN28412064	2022/12/27 00:00	Unknown	0.62	GCA_027405325.1_ASM2740532v1_genomic.fna.gz
GCA_963724355.1	GCA_963724355.1	MFD02832.bin.1.79	uncultured Deinococcaceae bacterium (bacteria)	Unknown	uncultured Deinococcaceae bacterium	310706	Contig	0	636565	636565	Unknown	SAMEA114813118	2025/01/18 00:00	Unknown	0.77	GCA_963724355.1_MFD02832.bin.1.79_genomic.fna.gz
